Taxar,ID,Provyteareal,Proportion_pine,Both Pine cover,Birch cover,Aspen cover,Rowan cover,Salix cover ,Oak,RASE_proportion,RASE presence,NordKoordinat,OstKoordinat,HuggnKlass,Browsing_presence,Moose pellet groups,Moose presence ,Wolf territory,Time since establishment,Small roads,Big roads,Pellet counts,Fresh only,Fresh and old ,Fresh ,Old and fresh,Old,Other ,No browsing,Total trees
2016,2.02E+11,153.94,0.045472262,7,6,0.1,1,1,0,0.013641679,1,6740770,602578,22,0,1,1,0,0,5.96157229,4447.008211,1,0,0,0,0,0,0,0,0
2012,2.01E+11,153.94,0.042224243,6.5,6,0,4,0.5,0,0.029232168,1,6612082,453366,22,0,0,0,0,0,6.165941712,379.188474,0,0,0,0,0,0,0,0,0
2004,2.00E+11,153.94,0.272833572,42,42,0,0,0,0,0,0,6568829,447207,22,0,0,0,0,0,8.113644982,2330.62781,0,0,0,0,0,0,1,1,2
2006,2.01E+11,153.94,0.071456412,11,8,0,2,3,0,0.032480187,1,6356728,384220,23,0,0,0,0,0,8.274274407,1238.647108,0,0,0,0,1,1,0,0,1
2003,2.00E+11,153.94,0.051968299,8,3,0,3,3,0,0.038976225,1,6708881,455487,22,0,0,0,0,0,8.483610423,403.488094,0,0,0,0,2,2,0,3,5
2006,2.01E+11,153.94,0.129920748,20,12,0,19,8,0,0.17539301,1,6815239,568638,22,0,0,0,0,0,10.19259097,1272.693033,0,0,0,0,0,0,0,0,0
2003,2.00E+11,153.94,0.17539301,27,0,0,0,0,0,0,0,6843869,539295,23,0,0,0,0,0,10.58615428,918.748458,0,0,0,0,0,0,0,7,7
2008,2.01E+11,153.94,0.032480187,5,3,0,2,2,0,0.02598415,1,6802246,472035,21,0,0,0,1,3,11.01118272,77.605966,0,0,0,0,0,0,3,29,32
2013,2.01E+11,153.94,0.194881123,30,22,0,2,8,0,0.064960374,1,6523816,478595,22,1,0,0,1,1,12.1301244,4510.768663,0,3,1,4,4,5,0,0,8
2004,2.00E+11,153.94,0.032480187,5,5,0,0,0,0,0,0,6488060,400644,21,0,0,0,0,0,12.13406412,292.391165,0,0,0,0,0,0,0,1,1
2007,2.01E+11,153.94,0.032480187,5,5,27,5,0,0,0.207873197,1,6793930,543413,23,0,0,0,0,0,12.3777385,4483.406142,0,0,0,0,0,0,0,0,0
2004,2.00E+11,153.94,0,0,0,0,0,0,0,0,0,6876688,357562,22,1,0,0,0,0,12.9123155,5620.035953,0,1,1,2,4,5,0,1,7
2013,2.01E+11,153.94,0.016240094,2.5,2,2,0.5,0.5,0,0.019488112,1,6808415,603193,22,0,0,0,0,0,13.96048765,942.896326,0,0,0,0,2,2,1,0,3
2008,2.01E+11,153.94,0.032480187,5,3,0,0,2,0,0.012992075,1,6617479,539226,22,1,0,0,1,5,14.34172501,610.215251,0,2,0,2,24,24,2,3,31
2014,2.01E+11,153.94,0.012992075,2,2,0,1,0,0,0.006496037,1,6638621,549467,23,0,0,0,1,5,14.86786086,2613.067176,0,0,0,0,2,2,0,4,6
2012,2.01E+11,153.94,0.224113291,34.5,34,0,0,0.5,0,0.003248019,1,6766930,487476,23,0,2,1,1,5,15.08631555,5926.192693,2,0,6,6,7,13,0,1,14
2012,2.01E+11,153.94,0.038976225,6,6,0.5,0.5,0,0,0.006496037,1,6788428,526677,21,0,1,1,1,8,16.36175788,3245.457154,1,0,0,0,3,3,3,2,8
2005,2.01E+11,153.94,0.285825646,44,42,0,2,2,0,0.02598415,1,6663078,490486,22,0,0,0,1,7,16.69283206,4302.486242,0,0,0,0,0,0,0,0,0
2007,2.01E+11,153.94,0.012992075,2,2,0,2,0,0,0.012992075,1,6612791,445666,23,0,0,0,0,0,17.95620261,1777.236311,0,0,0,0,2,2,1,3,6
2012,2.01E+11,153.94,0.090944524,14,14,0,0,0,0,0,0,6761666,424568,22,0,0,0,1,1,18.55697713,8563.117891,0,0,0,0,3,3,2,2,7
2009,2.01E+11,153.94,0.064960374,10,8,0,0,2,0,0.012992075,1,6897879,525826,22,0,0,0,0,0,19.29722333,4001.242931,0,0,0,0,0,0,4,6,10
2016,2.02E+11,153.94,0.097440561,15,15,2,0,0,0,0.012992075,1,6568743,508606,23,0,0,0,0,0,19.7617267,218.129722,0,0,0,0,2,2,0,4,6
2013,2.01E+11,153.94,0.038976225,6,6,0,0,0,0,0,0,6809725,469903,22,0,0,0,0,0,19.94755534,4365.072384,0,0,0,0,0,0,2,1,3
2007,2.01E+11,153.94,0.077952449,12,12,0,2,0,0,0.012992075,1,6616018,501056,23,0,2,1,0,0,20.27198582,741.186976,2,0,0,0,3,3,0,1,4
2007,2.01E+11,153.94,0.272833572,42,42,0,2,0,0,0.012992075,1,6613815,447151,22,0,3,1,0,0,20.72705012,1964.656812,3,0,13,13,0,13,0,0,13
2007,2.01E+11,153.94,0.032480187,5,5,0,0,0,0,0,0,6793948,544912,23,0,0,0,0,0,22.34609677,3052.378326,0,0,0,0,0,0,2,4,6
2007,2.01E+11,153.94,0,0,0,0,0,0,0,0,0,6607698,437233,22,0,0,0,0,0,22.80169401,1031.071325,0,0,0,0,0,0,5,0,5
2013,2.01E+11,153.94,0.142912823,22,22,7,0,0,0,0.045472262,1,6668187,430477,21,0,0,0,1,9,22.86117925,2607.929078,0,0,4,4,9,13,0,2,15
2007,2.01E+11,153.94,0.350786021,54,54,0,2,0,2,0.02598415,1,6476524,405180,22,0,0,0,0,0,23.14882926,682.62694,0,0,0,0,0,0,0,0,0
2006,2.01E+11,153.94,0.285825646,44,42,0,2,2,0,0.02598415,1,6783399,500061,21,0,2,1,1,5,23.51408467,1752.313779,2,0,0,0,2,2,0,2,4
2004,2.00E+11,153.94,0.17539301,27,27,3,0,0,0,0.019488112,1,6577432,331651,22,0,0,0,0,0,23.567895,1276.977041,0,0,0,0,1,1,5,3,9
2012,2.01E+11,153.94,0.02598415,4,4,0,0.5,0,0,0.003248019,1,6784428,567717,22,0,1,1,1,9,23.58899892,5035.479317,1,0,0,0,1,1,0,4,5
2006,2.01E+11,153.94,0.350786021,54,54,2,2,0,0,0.02598415,1,6749453,543957,21,0,0,0,1,1,23.96151083,3195.213872,0,0,0,0,2,2,0,0,2
2009,2.01E+11,153.94,0.038976225,6,3,0,5,3,0,0.051968299,1,6885503,615957,22,0,0,0,0,0,24.29106307,2947.902582,0,0,0,0,0,0,0,0,0
2015,2.02E+11,153.94,0.084448486,13,7,0,1,6,1,0.051968299,1,6448252,332219,22,1,0,0,0,0,24.91942385,742.135849,0,1,0,1,0,0,0,0,1
2014,2.01E+11,153.94,0.116928674,18,18,0,0.1,0,0,0.000649604,1,6349866,374261,22,0,0,0,0,0,25.23767269,2159.587346,0,0,0,0,0,0,0,0,0
2015,2.02E+11,153.94,0.012992075,2,2,0,0,0,0,0,0,6794884,398260,22,0,0,0,1,5,25.69855931,2943.145969,0,0,0,0,5,5,0,1,6
2007,2.01E+11,153.94,0.090944524,14,12,0,2,2,0,0.02598415,1,6794430,543407,22,0,0,0,0,0,25.91466469,4604.823847,0,0,0,0,1,1,0,0,1
2005,2.01E+11,153.94,0.032480187,5,2,0,0,3,0,0.019488112,1,6519743,304812,23,0,0,0,1,2,26.04217151,676.466005,0,0,0,0,0,0,7,3,10
2009,2.01E+11,153.94,0.019488112,3,3,0,2,0,0,0.012992075,1,6867108,583692,22,1,1,1,0,0,26.12911616,1019.60017,1,1,0,1,4,4,1,9,15
2005,2.01E+11,153.94,0,0,0,0,0,0,0,0,0,6773660,439701,23,0,0,0,0,0,26.21092999,2238.544903,0,0,0,0,1,1,1,4,6
2003,2.00E+11,153.94,0,0,54,0,0,0,0,0,0,6744625,599001,23,0,0,0,0,0,27.18768157,6091.096051,0,0,0,0,0,0,0,0,0
2012,2.01E+11,153.94,0.344289983,53,53,0,0.5,0,0,0.003248019,1,6693483,447887,22,0,0,0,1,7,27.22221002,3809.988356,0,0,0,0,0,0,0,0,0
2013,2.01E+11,153.94,0.584643368,90,90,0,0.5,0,0,0.003248019,1,6761488,440167,23,0,0,0,0,0,27.37895425,1840.803791,0,0,0,0,9,9,5,9,23
2016,2.02E+11,153.94,0.20137716,31,31,0,0.1,0,0,0.000649604,1,6546410,518368,23,0,0,0,0,0,27.66449314,808.139986,0,0,0,0,4,4,1,4,9
2006,2.01E+11,153.94,0.370274133,57,54,0,0,3,0,0.019488112,1,6833300,533438,23,0,0,0,0,0,27.8655364,2417.002946,0,0,0,0,1,1,0,1,2
2011,2.01E+11,153.94,0.055216318,8.5,8,0,0.5,0.5,0,0.006496037,1,6851231,512404,23,0,1,1,1,4,28.21640762,2723.209509,1,0,0,0,0,0,1,0,1
2007,2.01E+11,153.94,0.747044303,115,115,0,0,0,0,0,0,6374154,404003,23,0,0,0,0,0,29.42495807,466.351087,0,0,0,0,0,0,0,0,0
2006,2.01E+11,153.94,0.649603742,100,100,0,3,0,0,0.019488112,1,6571306,341670,22,0,0,0,0,0,29.63512698,1614.981821,0,0,0,0,0,0,0,0,0
2003,2.00E+11,153.94,0,0,3,0,2,0,0,0.012992075,1,6722628,475815,22,0,0,0,1,6,30.26529975,238.233796,0,0,0,0,2,2,2,2,6
2009,2.01E+11,153.94,0.051968299,8,8,0,0,0,0,0,0,6700287,594752,22,0,0,0,0,0,32.79313363,1457.758457,0,0,0,0,0,0,2,1,3
2012,2.01E+11,153.94,0.256593478,39.5,39,0,0.5,0.5,0,0.006496037,1,6606437,357478,22,0,0,0,1,4,33.09896055,216.00137,0,0,0,0,0,0,0,0,0
2013,2.01E+11,153.94,0.019488112,3,3,0,0,0,0,0,0,6836875,497132,22,0,0,0,1,5,33.50105091,2022.856203,0,0,0,0,0,0,1,1,2
2015,2.02E+11,153.94,0.123424711,19,17,0,0.1,2,0,0.013641679,1,6463845,374503,23,0,0,0,0,0,34.40666892,880.282032,0,0,0,0,0,0,1,1,2
2003,2.00E+11,153.94,0.350786021,54,6,0,2,2,0,0.02598415,1,6642744,441802,22,0,1,1,1,4,34.60788051,1328.986758,1,0,0,0,6,6,0,11,17
2003,2.00E+11,153.94,0.077952449,12,69,0,0,0,0,0,0,6336701,380457,22,0,0,0,0,0,35.57862216,1103.721745,0,0,0,0,0,0,0,1,1
2006,2.01E+11,153.94,0.077952449,12,12,0,2,0,0,0.012992075,1,6820045,553582,22,0,0,0,0,0,36.06457583,2142.49691,0,0,0,0,3,3,0,0,3
2010,2.01E+11,153.94,0.207873197,32,27,0,0,5,0,0.032480187,1,6752011,450160,22,0,0,0,0,0,36.08941884,935.766039,0,0,2,2,8,10,0,2,12
2005,2.01E+11,153.94,0.097440561,15,12,0,2,3,0,0.032480187,1,6734019,590143,23,0,0,0,0,0,36.81020744,43.62545,0,0,0,0,0,0,0,1,1
2006,2.01E+11,153.94,0.272833572,42,42,0,0,0,0,0,0,6486709,454636,22,0,2,1,0,0,37.79452146,903.009044,2,0,1,1,2,3,1,9,13
2006,2.01E+11,153.94,0.123424711,19,19,0,2,0,0,0.012992075,1,6739775,530085,22,0,1,1,1,1,39.06880976,108.156315,1,0,0,0,4,4,0,4,8
2016,2.02E+11,153.94,0.207873197,32,32,0.1,0,0,0,0.000649604,1,6885858,552175,22,1,0,0,0,0,40.51273945,6301.811497,0,2,1,3,1,2,1,0,5
2013,2.01E+11,153.94,0.038976225,6,6,0,0.5,0,0,0.003248019,1,6782257,611524,22,0,0,0,0,0,41.32760919,1899.60113,0,0,0,0,0,0,0,2,2
2011,2.01E+11,153.94,0.048720281,7.5,7,0.5,0.5,0.5,0.5,0.012992075,1,6496033,415947,22,0,0,0,0,0,41.56510431,3116.625507,0,0,0,0,0,0,0,0,0
2011,2.01E+11,153.94,0.032480187,5,5,0.5,0,0,0,0.003248019,1,6614516,558452,23,0,3,1,1,1,41.57144755,2289.369566,3,0,0,0,10,10,2,2,14
2011,2.01E+11,153.94,0.029232168,4.5,4,0,0,0.5,0,0.003248019,1,6720964,446048,22,0,0,0,0,0,41.89181641,7455.457585,0,0,0,0,3,3,0,4,7
2013,2.01E+11,153.94,0.129920748,20,20,0,0,0,0,0,0,6605892,425294,22,0,0,0,1,2,42.8074278,78.11503,0,0,0,0,0,0,0,0,0
2012,2.01E+11,153.94,0.129920748,20,20,0,0.5,0,0,0.003248019,1,6457693,310112,21,0,2,1,0,0,42.9356208,170.634585,2,0,0,0,0,0,0,2,2
2015,2.02E+11,153.94,0.220865272,34,34,0.1,0.1,0,0,0.001299207,1,6458358,337574,23,0,1,1,0,0,43.03680024,95.448836,1,0,0,0,0,0,0,0,0
2009,2.01E+11,153.94,0.012992075,2,2,0,0,0,0,0,0,6775979,490857,22,0,0,0,1,5,43.17408194,5733.219364,0,0,0,0,1,1,1,11,13
2011,2.01E+11,153.94,0.10068858,15.5,15,0.5,0.5,0.5,0,0.009744056,1,6583779,563632,21,0,0,0,0,0,43.71299227,556.235591,0,0,0,0,0,0,0,0,0
2014,2.01E+11,153.94,0.071456412,11,11,0,0,0,0,0,0,6848234,480157,22,0,2,1,0,0,43.98188172,2193.307406,2,0,0,0,0,0,2,3,5
2013,2.01E+11,153.94,0,0,0,0,0,0,0,0,0,6836875,498632,21,0,0,0,1,5,44.16057315,939.325383,0,0,0,0,0,0,0,0,0
2006,2.01E+11,153.94,0.019488112,3,3,0,0,0,0,0,0,6652971,420189,22,0,0,0,1,3,44.49804995,1459.162113,0,0,0,0,20,20,0,19,39
2016,2.02E+11,153.94,0,0,0,0,0,0,0,0,0,6780055,387093,22,0,0,0,0,0,44.65317257,3520.947992,0,0,0,0,1,1,5,3,9
2008,2.01E+11,153.94,0.17539301,27,27,12,2,0,0,0.090944524,1,6762270,594487,23,0,1,1,1,2,44.7175323,2747.185427,1,0,0,0,1,1,0,0,1
2012,2.01E+11,153.94,0.02598415,4,4,0,0.5,0,0,0.003248019,1,6793315,436169,22,0,0,0,0,0,44.88918453,90.042475,0,0,0,0,0,0,2,5,7
2005,2.01E+11,153.94,0.948421463,146,146,0,0,0,0,0,0,6583717,541434,23,0,0,0,0,0,45.11900303,953.168647,0,0,0,0,0,0,0,0,0
2007,2.01E+11,153.94,0.012992075,2,2,0,0,0,0,0,0,6476920,405178,23,0,0,0,0,0,45.77019466,988.282291,0,0,3,3,5,8,0,0,8
2015,2.02E+11,153.94,0.020137716,3.1,3,0,6,0.1,0,0.039625828,1,6618721,421630,22,0,0,0,1,5,47.23382065,283.477142,0,0,0,0,0,0,0,0,0
2010,2.01E+11,153.94,0.077952449,12,12,0,0,0,0,0,0,6656508,406839,23,0,0,0,1,8,47.42469406,4286.321587,0,0,0,0,5,5,0,4,9
2008,2.01E+11,153.94,0.019488112,3,3,0,2,0,0,0.012992075,1,6785664,586202,22,0,0,0,1,3,48.98427842,1763.863119,0,0,0,0,6,6,1,0,7
2008,2.01E+11,153.94,0.058464337,9,3,12,2,6,0,0.129920748,1,6676111,416609,22,0,0,0,1,5,49.04772908,383.703304,0,0,0,0,0,0,0,0,0
2014,2.01E+11,153.94,0.240353384,37,33,0,0,4,0,0.02598415,1,6701378,411172,21,0,0,0,1,12,50.07277825,4404.711856,0,0,0,0,0,0,0,0,0
2016,2.02E+11,153.94,0.071456412,11,11,0,0,0,0,0,0,6458184,327643,23,0,0,0,0,0,50.27571508,1054.131346,0,0,0,0,0,0,0,0,0
2009,2.01E+11,153.94,0.019488112,3,3,0,0,0,0,0,0,6828076,459220,22,0,0,0,0,0,50.40098705,2471.321104,0,0,0,0,0,0,6,2,8
2004,2.00E+11,153.94,0.17539301,27,27,0,0,0,0,0,0,6747880,375547,22,0,0,0,1,17,50.43195943,1785.502257,0,0,0,0,0,0,1,2,3
2008,2.01E+11,153.94,0.448226582,69,69,0,0,0,0,0,0,6603761,384999,22,0,0,0,0,0,50.9191045,2524.806322,0,0,0,0,0,0,0,0,0
2008,2.01E+11,153.94,0.090944524,14,12,0,2,2,0,0.02598415,1,6896815,520349,22,0,0,0,0,0,51.84938798,7309.212165,0,0,0,0,0,0,0,0,0
2005,2.01E+11,153.94,0.019488112,3,3,0,0,0,0,0,0,6871767,362621,23,0,0,0,0,0,52.16469934,5838.68157,0,0,0,0,0,0,1,1,2
2003,2.00E+11,153.94,0,0,0,0,2,0,0,0.012992075,1,6749876,578945,22,0,0,0,0,0,52.23143041,1868.37851,0,0,0,0,1,1,2,8,11
2011,2.01E+11,153.94,0.019488112,3,3,0.5,0,0,0,0.003248019,1,6807250,513962,22,1,0,0,1,8,52.60186493,11688.92246,0,2,0,2,0,0,1,2,5
2012,2.01E+11,153.94,0.058464337,9,9,0,0.5,0,0,0.003248019,1,6784483,490248,22,0,0,0,1,8,52.67094245,941.009284,0,0,0,0,2,2,0,0,2
2004,2.00E+11,153.94,0.012992075,2,2,0,0,0,0,0,0,6600727,315877,22,0,0,0,0,0,52.85522971,1707.59974,0,0,0,0,0,0,0,0,0
2008,2.01E+11,153.94,0.019488112,3,3,0,0,0,0,0,0,6748955,528172,23,0,0,0,1,3,52.89997304,3942.603781,0,0,0,0,0,0,0,0,0
2008,2.01E+11,153.94,0.272833572,42,42,0,2,0,0,0.012992075,1,6741672,627239,23,0,0,0,0,0,53.78830784,2071.663927,0,0,0,0,0,0,2,0,2
2006,2.01E+11,153.94,0.350786021,54,54,0,3,0,0,0.019488112,1,6829426,584463,22,0,0,0,0,0,54.07753916,54.066073,0,0,0,0,0,0,0,1,1
2003,2.00E+11,153.94,0.051968299,8,12,0,0,0,0,0,0,6433452,347325,21,0,0,0,0,0,54.95029502,367.658427,0,0,0,0,0,0,0,2,2
2007,2.01E+11,153.94,0.012992075,2,2,0,0,0,0,0,0,6797333,454903,22,0,0,0,1,2,57.32654677,3574.574932,0,0,0,0,0,0,0,3,3
2011,2.01E+11,153.94,0,0,0,0,0,0,0,0,0,6775657,544337,22,0,0,0,1,8,57.43443651,1945.846003,0,0,4,4,2,6,0,1,7
2003,2.00E+11,153.94,0,0,42,0,0,0,0,0,0,6594241,519324,22,0,0,0,0,0,57.43717156,1761.216697,0,0,0,0,0,0,0,0,0
2012,2.01E+11,153.94,0.587891386,90.5,90,0,0,0.5,0,0.003248019,1,6624604,599118,22,0,0,0,0,0,59.84545107,2277.322074,0,0,0,0,0,0,0,0,0
2015,2.02E+11,153.94,0.40275432,62,62,0,1,0,0,0.006496037,1,6656934,488221,22,0,1,1,1,17,59.91047681,34.638653,1,0,0,0,1,1,2,0,3
2010,2.01E+11,153.94,0.032480187,5,3,0,0,2,0,0.012992075,1,6623810,467186,22,1,2,1,0,0,60.00042676,1245.007227,2,3,0,3,1,1,0,0,4
2005,2.01E+11,153.94,0.077952449,12,12,0,0,0,0,0,0,6642815,567109,22,0,1.04435573,1,0,0,61.17579991,3882.650718,1,0,0,0,2,2,1,5,8
2003,2.00E+11,153.94,0.012992075,2,12,0,0,0,0,0,0,6793689,563911,22,0,0,0,0,0,61.38175149,2572.749368,0,0,0,0,3,3,0,4,7
2008,2.01E+11,153.94,0.461218657,71,69,0,0,2,0,0.012992075,1,6401386,357102,23,0,0,0,0,0,61.90980495,525.708057,0,0,0,0,4,4,0,11,15
2009,2.01E+11,153.94,0.272833572,42,42,0,0,0,0,0,0,6460291,435564,23,0,2,1,0,0,62.10206327,1009.633494,2,0,0,0,4,4,0,5,9
2005,2.01E+11,153.94,0.012992075,2,2,0,0,0,0,0,0,6663653,435548,22,0,0,0,1,9,63.08589972,1329.221287,0,0,0,0,1,1,0,0,1
2015,2.02E+11,153.94,0.17539301,27,24,0,1,3,0,0.02598415,1,6475528,331595,21,1,1,1,0,0,63.44081051,489.870379,1,3,0,3,8,8,2,0,13
2010,2.01E+11,153.94,0.675587891,104,69,12,0,35,0,0.305313759,1,6562795,385002,22,0,1,1,0,0,65.28918106,1037.15766,1,0,1,1,0,1,0,0,1
2004,2.00E+11,153.94,0.012992075,2,2,0,0,0,0,0,0,6885149,563772,22,0,0,0,0,0,65.59179286,74.845037,0,0,0,0,3,3,0,5,8
2005,2.01E+11,153.94,0.064960374,10,8,2,2,2,0,0.038976225,1,6824221,568032,22,0,0,0,0,0,66.42665624,3563.072353,0,0,0,0,3,3,0,4,7
2007,2.01E+11,153.94,0.051968299,8,6,0,2,2,2,0.038976225,1,6462540,373356,22,0,0,0,0,0,66.48263404,667.477578,0,0,0,0,1,1,2,1,4
2012,2.01E+11,153.94,0.695076004,107,107,0,0,0,0,0,0,6491647,449585,22,0,0,0,0,0,66.59839024,502.078129,0,0,0,0,0,0,0,0,0
2004,2.00E+11,153.94,0.032480187,5,5,0,0,0,0,0,0,6701891,374612,23,0,0,0,1,5,66.61249494,985.174613,0,0,0,0,0,0,0,0,0
2004,2.00E+11,153.94,0.051968299,8,8,0,0,0,0,0,0,6361860,378561,21,0,0,0,0,0,66.79456248,1150.875118,0,0,0,0,0,0,0,0,0
2009,2.01E+11,153.94,0.032480187,5,2,0,0,3,0,0.019488112,1,6394537,345043,23,0,0,0,0,0,67.13771951,51.887449,0,0,0,0,1,1,0,2,3
2007,2.01E+11,153.94,0.077952449,12,12,0,2,0,0,0.012992075,1,6746746,405546,22,0,0,0,0,0,67.26423129,7245.300737,0,0,0,0,2,2,1,1,4
2014,2.01E+11,153.94,0.032480187,5,5,0,3,0,0,0.019488112,1,6524679,335621,22,0,0,0,0,0,67.79507869,536.006484,0,0,0,0,0,0,0,0,0
2016,2.02E+11,153.94,0.071456412,11,11,0,1,0,0,0.006496037,1,6864040,623638,22,0,0,0,0,0,68.42433305,673.325973,0,0,0,0,0,0,2,1,3
2011,2.01E+11,153.94,0.717812135,110.5,110,0.5,0.5,0.5,0,0.009744056,1,6582312,474470,22,0,0,0,1,6,69.04345023,1022.103514,0,0,0,0,0,0,0,0,0
2015,2.02E+11,153.94,0.181889048,28,28,0,4,0,0,0.02598415,1,6754099,600114,22,0,1,1,0,0,69.25358547,3315.265156,1,0,0,0,1,1,0,0,1
2016,2.02E+11,153.94,0,0,0,0,0,0,0,0,0,6870345,375432,21,1,2,1,0,0,69.67391916,1599.428348,2,2,0,2,0,0,1,2,5
2015,2.02E+11,153.94,0.565155255,87,86,1,0,1,0,0.012992075,1,6478554,449890,22,0,0,0,0,0,70.71800711,1608.777509,0,0,0,0,0,0,0,0,0
2008,2.01E+11,153.94,0.051968299,8,8,0,3,0,0,0.019488112,1,6793969,571104,22,0,0,0,0,0,71.49057666,1685.990725,0,0,0,0,2,2,0,2,4
2004,2.00E+11,153.94,0.233857347,36,35,0,0,1,0,0.013095187,1,6714349,494404,22,0,0,0,0,0,71.85645885,4769.373423,0,0,0,0,0,0,2,2,4
2012,2.01E+11,153.94,0.220865272,34,34,0,0.5,0,0,0.003248019,1,6612587,453360,22,0,0,0,1,5,72.05894241,399.513829,0,0,0,0,0,0,1,4,5
2004,2.00E+11,153.94,0.123424711,19,19,0,0,0,0,0,0,6667986,381024,23,0,0,0,0,0,72.63566234,111.975259,0,0,0,0,0,0,0,0,0
2005,2.01E+11,153.94,0.350786021,54,54,0,0,0,0,0,0,6611643,391705,22,0,0,0,0,0,72.86397771,781.914478,0,0,0,0,0,0,0,1,1
2011,2.01E+11,153.94,0.006496037,1,0.5,0,0,0.5,0,0.003248019,1,6779770,433337,21,0,0,0,0,0,73.87661097,6032.027942,0,0,0,0,0,0,3,6,9
2011,2.01E+11,153.94,0.003248019,0.5,0.5,0,0,0,0,0,0,6787707,428726,22,0,0,0,0,0,74.38679471,358.058391,0,0,0,0,2,2,2,3,7
2011,2.01E+11,153.94,0.02598415,4,4,0,0.5,0,0,0.003248019,1,6735019,451878,22,1,0,0,1,6,74.77248935,827.915547,0,2,0,2,0,0,0,0,2
2014,2.01E+11,153.94,0.038976225,6,6,0,0,0,0,0,0,6813014,458074,23,0,0,0,0,0,75.41608827,2530.537643,0,0,0,0,2,2,7,3,12
2012,2.01E+11,153.94,0.090944524,14,14,0,0.5,0,0,0.003248019,1,6556101,291234,21,0,0,0,0,0,75.52445549,1042.498998,0,0,0,0,0,0,8,2,10
2013,2.01E+11,153.94,0.129920748,20,20,0,0.5,0,0,0.003248019,1,6658478,545398,22,0,0,0,1,3,75.88417594,773.393556,0,0,1,1,0,1,0,0,1
2012,2.01E+11,153.94,0.344289983,53,49,0,0.5,4,0,0.029232168,1,6384879,381286,22,1,0,0,0,0,76.17689093,499.629295,0,1,1,2,1,2,0,1,4
2005,2.01E+11,153.94,0.012992075,2,2,0,0,0,0,0,0,6772794,450210,23,0,0,0,0,0,76.45244441,3398.841687,0,0,0,0,2,2,0,4,6
2008,2.01E+11,153.94,0.012992075,2,2,0,2,0,0,0.012992075,1,6861344,602265,23,0,0,0,0,0,77.28913097,5058.587034,0,0,0,0,0,0,2,0,2
2008,2.01E+11,153.94,0.038976225,6,6,0,2,0,0,0.012992075,1,6609250,465902,22,0,0,0,1,3,77.40001074,4572.956342,0,0,0,0,0,0,0,0,0
2010,2.01E+11,153.94,0.012992075,2,2,0,0,0,0,0,0,6809248,390977,22,0,0,0,1,3,78.01497476,5865.468864,0,0,0,0,1,1,4,0,5
2006,2.01E+11,153.94,0.077952449,12,12,27,2,0,0,0.188385085,1,6809231,608207,22,0,0,0,0,0,78.11177215,1761.549477,0,0,2,2,1,3,0,0,3
2013,2.01E+11,153.94,0,0,0,0,0,0,0,0,0,6761488,439167,23,0,0,0,0,0,78.12034631,1057.614812,0,0,1,1,9,10,1,13,24
2006,2.01E+11,153.94,0.55216318,85,85,0,0,0,0,0,0,6815252,569638,22,0,0,0,0,0,78.69697782,1417.547713,0,0,0,0,0,0,0,1,1
2010,2.01E+11,153.94,0.123424711,19,19,0,2,0,3,0.032480187,1,6466153,315703,23,0,0,0,0,0,79.55801453,358.277542,0,0,0,0,0,0,0,0,0
2005,2.01E+11,153.94,0.649603742,100,100,0,0,0,0,0,0,6362843,394142,22,0,0,0,0,0,79.91605371,2062.337493,0,0,0,0,0,0,0,0,0
2008,2.01E+11,153.94,0.051968299,8,8,0,0,0,0,0,0,6554449,319289,21,1,0,0,1,7,80.94202107,1676.454209,0,1,4,5,8,12,0,0,13
2004,2.00E+11,153.94,0.285825646,44,42,2,2,2,0,0.038976225,1,6621291,506994,22,0,0,0,0,0,81.74187022,593.377797,0,0,0,0,0,0,0,0,0
2011,2.01E+11,153.94,0.022736131,3.5,3,0,0.5,0.5,0,0.006496037,1,6668870,560654,22,0,0,0,0,0,82.40409481,1451.019324,0,0,0,0,4,4,5,13,22
2015,2.02E+11,153.94,0.116928674,18,18,0,1,0,0,0.006496037,1,6793055,556708,22,1,0,0,1,4,82.46510463,2726.866039,0,1,1,2,2,3,7,1,12
2012,2.01E+11,153.94,0.146160842,22.5,22,0,0,0.5,0,0.003248019,1,6728795,432449,23,0,0,0,0,0,82.65100017,1289.790908,0,0,0,0,8,8,0,5,13
2016,2.02E+11,153.94,0.246849422,38,38,0,0.1,0,0,0.000649604,1,6733040,465460,22,0,0,0,1,15,82.80305936,12230.31872,0,0,0,0,0,0,0,0,0
2015,2.02E+11,153.94,0.012992075,2,2,0,0,0,0,0,0,6863642,393420,22,0,1,1,0,0,86.09139659,529.0734,1,0,0,0,0,0,5,2,7
2013,2.01E+11,153.94,0.129920748,20,20,0,3,0,0,0.019488112,1,6633234,408979,22,0,2,1,1,2,86.29277566,4265.874563,2,0,0,0,0,0,0,0,0
2003,2.00E+11,153.94,0,0,3,0,2,0,0,0.012992075,1,6543457,451957,21,0,0,0,1,1,88.06154225,397.303926,0,0,0,0,0,0,0,0,0
2014,2.01E+11,153.94,0.298817721,46,46,0,0,0,0,0,0,6543280,479739,22,0,0,0,1,14,88.43797255,926.294436,0,0,0,0,0,0,1,7,8
2008,2.01E+11,153.94,0.272833572,42,42,0,0,0,0,0,0,6625129,415734,22,0,1,1,0,0,89.10564879,2026.748562,1,0,0,0,0,0,0,0,0
2015,2.02E+11,153.94,0.656099779,101,100,0,0,1,0,0.006496037,1,6760731,505806,22,0,0,0,1,6,90.13373701,1834.791564,0,0,0,0,1,1,0,0,1
2004,2.00E+11,153.94,0.051968299,8,8,0,0,0,0,0,0,6746362,374066,23,0,0,0,1,17,90.16441305,51.771768,0,0,0,0,0,0,0,0,0
2009,2.01E+11,153.94,0.136416786,21,19,0,0,2,0,0.012992075,1,6668487,528660,22,0,0,0,0,0,90.28797882,365.512449,0,0,0,0,1,1,2,19,22
2013,2.01E+11,153.94,0.003248019,0.5,0.5,0,0,0,0,0,0,6745923,561591,21,0,0,0,1,3,91.16962533,2365.000551,0,0,0,0,0,0,2,5,7
2012,2.01E+11,153.94,0.051968299,8,8,0,0.5,0,0,0.003248019,1,6784994,491751,22,0,0,0,1,8,92.15032614,1058.03127,0,0,0,0,0,0,0,0,0
2009,2.01E+11,153.94,0.064960374,10,8,0,0,2,0,0.012992075,1,6681305,595482,23,0,0,0,0,0,92.2388384,742.836394,0,0,0,0,0,0,0,0,0
2016,2.02E+11,153.94,0.17539301,27,26,0,0.1,1,0,0.007145641,1,6757409,467324,23,0,1,1,0,0,92.58706972,3410.804527,1,0,2,2,9,11,2,0,13
2004,2.00E+11,153.94,0.571651293,88,85,0,2,3,0,0.032480187,1,6709489,504964,23,0,1,1,0,0,92.60247847,1184.75965,1,0,0,0,0,0,0,0,0
2004,2.00E+11,153.94,0.051968299,8,0,0,2,8,0,0.064960374,1,6368885,398067,22,0,0,0,0,0,92.62928684,565.47616,0,0,0,0,0,0,0,0,0
2003,2.00E+11,153.94,0,0,100,0,2,0,0,0.012992075,1,6414341,421521,22,0,1,1,0,0,93.65043296,2293.835415,1,0,0,0,0,0,0,0,0
2010,2.01E+11,153.94,0.012992075,2,2,0,2,0,0,0.012992075,1,6817640,584320,22,0,0,0,0,0,94.54557812,6371.723998,0,0,0,0,0,0,2,3,5
2008,2.01E+11,153.94,0.363778095,56,54,85,3,2,0,0.584643368,1,6834565,539107,23,0,0,0,0,0,94.85557496,6596.650512,0,0,0,0,0,0,0,0,0
2005,2.01E+11,153.94,0.012992075,2,2,0,2,0,0,0.012992075,1,6640117,509156,23,0,1,1,0,0,94.9008477,768.581465,1,0,0,0,2,2,1,0,3
2007,2.01E+11,153.94,0.051968299,8,8,2,3,0,0,0.032480187,1,6720345,575307,22,0,1,1,1,1,94.94592229,5068.740412,1,0,0,0,0,0,1,0,1
2015,2.02E+11,153.94,0.065609978,10.1,10,0,0,0.1,0,0.000649604,1,6637448,466985,22,0,1,1,1,10,95.41845415,59.798052,1,0,1,1,0,1,1,31,33
2012,2.01E+11,153.94,0.162400935,25,25,0,0.5,0,0,0.003248019,1,6702869,437273,22,0,0,0,1,8,95.79245048,1299.215469,0,0,0,0,2,2,1,0,3
2009,2.01E+11,153.94,0.272833572,42,42,0,0,0,0,0,0,6699784,594758,22,0,0,0,0,0,98.5711549,1133.355611,0,0,0,0,0,0,1,11,12
2014,2.01E+11,153.94,0.02598415,4,4,0,0.1,0,0,0.000649604,1,6764790,359693,22,0,0,0,1,10,101.0297713,99.005117,0,0,0,0,0,0,0,0,0
2015,2.02E+11,153.94,0.012992075,2,2,0,0,0,0,0,0,6785882,517221,21,0,0,0,1,12,101.3387633,1450.20725,0,0,0,0,0,0,4,4,8
2003,2.00E+11,153.94,0.012992075,2,3,0,0,0,0,0,0,6617175,435624,22,0,0,0,1,3,101.491711,1704.414774,0,0,0,0,0,0,0,0,0
2011,2.01E+11,153.94,0.061712355,9.5,9,0.5,0.5,0.5,0,0.009744056,1,6505538,298732,23,0,0,0,1,1,101.8082377,1383.289559,0,0,0,0,0,0,0,0,0
2007,2.01E+11,153.94,0.240353384,37,35,0,2,2,0,0.02598415,1,6722785,489811,22,0,0,0,0,0,102.3268456,2981.528807,0,0,0,0,0,0,0,0,0
2012,2.01E+11,153.94,0.60413148,93,93,0,0.5,0,0,0.003248019,1,6808866,602421,22,0,0,0,0,0,102.3714356,1812.127503,0,0,0,0,2,2,0,3,5
2003,2.00E+11,153.94,0.051968299,8,12,0,0,0,0,0,0,6412154,371967,23,0,0,0,0,0,102.6393779,292.248326,0,0,0,0,1,1,0,2,3
2007,2.01E+11,153.94,0.194881123,30,27,0,3,3,0,0.038976225,1,6724218,524276,22,0,0,0,0,0,103.7629462,4142.250713,0,0,0,0,0,0,1,0,1
2005,2.01E+11,153.94,0.045472262,7,5,2,2,2,0,0.038976225,1,6838905,542859,21,0,0,0,0,0,104.9160514,5095.855454,0,0,1,1,7,8,0,2,10
2003,2.00E+11,153.94,0,0,12,0,3,0,0,0.019488112,1,6411754,371966,22,0,0,0,0,0,105.1619084,98.279364,0,0,0,0,1,1,0,0,1
2003,2.00E+11,153.94,0.038976225,6,69,0,0,0,0,0,0,6884902,543281,22,0,0,0,0,0,105.7789286,1240.211022,0,0,0,0,0,0,1,5,6
2016,2.02E+11,153.94,0.098090165,15.1,15,0,2,0.1,0,0.013641679,1,6704093,473550,22,0,0,0,1,5,106.7648868,1499.894911,0,0,0,0,0,0,1,1,2
2008,2.01E+11,153.94,0.038976225,6,6,0,0,0,0,0,0,6642169,596109,22,0,0,0,0,0,107.2714431,1894.422648,0,0,2,2,5,7,0,0,7
2015,2.02E+11,153.94,0.220865272,34,33,1,2,1,3,0.045472262,1,6600821,596257,22,1,2,1,0,0,107.3842042,915.15318,2,1,0,1,0,0,1,0,2
2005,2.01E+11,153.94,0.038976225,6,6,0,0,0,0,0,0,6738362,415152,23,0,0,0,0,0,107.7736283,1474.925065,0,0,0,0,1,1,0,10,11
2005,2.01E+11,153.94,0.17539301,27,27,0,0,0,0,0,0,6737378,415657,21,0,0,0,0,0,109.9942843,1950.192842,0,0,1,1,0,1,0,8,9
2006,2.01E+11,153.94,0.272833572,42,42,0,0,0,0,0,0,6618435,457094,22,0,0,0,0,0,110.2379039,1924.280856,0,0,0,0,0,0,0,2,2
2014,2.01E+11,153.94,0.038976225,6,6,0,5,0,0,0.032480187,1,6845871,550448,22,0,1,1,0,0,110.6188085,3104.585271,1,0,0,0,0,0,0,0,0
2004,2.00E+11,153.94,0.051968299,8,8,0,0,0,0,0,0,6692721,401212,23,0,0,0,1,5,110.6370432,1140.362825,0,0,0,0,0,0,3,0,3
2016,2.02E+11,153.94,0.077952449,12,11,0,0.1,1,0,0.007145641,1,6633550,421308,23,0,0,0,1,9,110.7266325,1962.984491,0,0,0,0,0,0,0,2,2
2009,2.01E+11,153.94,0.123424711,19,19,0,0,0,0,0,0,6592680,472352,22,0,2,1,1,7,110.7912897,953.686511,2,0,0,0,1,1,3,2,6
2014,2.01E+11,153.94,0.448226582,69,68,0.1,0,1,0,0.007145641,1,6531017,509336,22,0,0,0,0,0,112.107656,657.232732,0,0,0,0,3,3,2,0,5
2010,2.01E+11,153.94,0.012992075,2,2,0,0,0,0,0,0,6809250,391975,22,0,0,0,1,3,112.343531,5019.910991,0,0,0,0,1,1,3,1,5
2006,2.01E+11,153.94,0.272833572,42,42,0,0,0,0,0,0,6723768,569274,21,0,0,0,0,0,112.5649277,5751.801876,0,0,0,0,3,3,1,12,16
2014,2.01E+11,153.94,0.253345459,39,38,0,0,1,0,0.006496037,1,6634004,355663,22,0,0,0,0,0,112.663064,66.981366,0,0,0,0,0,0,0,0,0
2013,2.01E+11,153.94,0.019488112,3,3,0,0,0,0,0,0,6522789,316557,22,0,0,0,1,11,113.8120368,749.057645,0,0,0,0,3,3,0,1,4
2014,2.01E+11,153.94,0.012992075,2,2,0.1,0,0,0,0.000649604,1,6850704,493486,21,0,0,0,0,0,114.4033064,998.778589,0,0,0,0,0,0,2,10,12
2005,2.01E+11,153.94,0.02598415,4,2,0,0,2,0,0.012992075,1,6637038,425381,23,0,0,0,1,4,114.6696433,103.4234,0,0,0,0,3,3,0,2,5
2007,2.01E+11,153.94,0.17539301,27,27,0,0,0,0,0,0,6637469,460366,21,0,0,0,0,0,114.8583184,1029.059203,0,0,0,0,0,0,0,0,0
2013,2.01E+11,153.94,0.10068858,15.5,15,0,0,0.5,0,0.003248019,1,6746369,456459,22,1,1,1,1,6,115.7799499,464.215274,1,1,4,5,3,7,0,0,8
2006,2.01E+11,153.94,0.240353384,37,35,0,2,2,0,0.02598415,1,6810740,609182,23,0,1,1,0,0,116.2641071,2858.628191,1,0,0,0,6,6,0,4,10
2012,2.01E+11,153.94,0.016240094,2.5,2,0,0,0.5,0,0.003248019,1,6815141,504352,23,0,1,1,1,7,116.3758332,11041.62996,1,0,1,1,1,2,3,7,12
2014,2.01E+11,153.94,0.038976225,6,6,0,0.1,0,0,0.000649604,1,6581480,493789,22,0,0,0,1,8,116.4077357,4657.085736,0,0,0,0,0,0,2,0,2
2007,2.01E+11,153.94,0.032480187,5,3,2,2,2,0,0.038976225,1,6808448,504751,21,0,0,0,0,0,117.5458672,12231.20642,0,0,0,0,0,0,1,3,4
2008,2.01E+11,153.94,0.747044303,115,115,0,2,0,0,0.012992075,1,6544419,482528,21,0,0,0,1,7,117.6174241,32.938175,0,0,0,0,1,1,1,3,5
2005,2.01E+11,153.94,0.077952449,12,12,0,0,0,0,0,0,6708126,434516,22,0,0,0,0,0,117.7194803,1438.048396,0,0,0,0,0,0,9,0,9
2015,2.02E+11,153.94,0.097440561,15,11,0,0.1,4,0,0.026633753,1,6607346,360149,21,0,0,0,1,4,119.1480338,1366.829796,0,0,0,0,0,0,0,0,0
2005,2.01E+11,153.94,0.090944524,14,12,0,3,2,0,0.032480187,1,6825223,568020,21,0,1,1,0,0,119.2459717,2861.599309,1,0,0,0,1,1,0,2,3
2010,2.01E+11,153.94,0.285825646,44,42,0,3,2,0,0.032480187,1,6747178,382755,22,0,0,0,0,0,119.5252148,7394.227227,0,0,0,0,0,0,0,0,0
2003,2.00E+11,153.94,0.272833572,42,12,0,0,0,0,0,0,6587014,483421,22,0,0,0,1,1,120.4848939,358.782558,0,0,0,0,0,0,0,1,1
2004,2.00E+11,153.94,0.285825646,44,42,0,2,2,0,0.02598415,1,6708971,504470,22,0,0,0,0,0,121.5315996,1541.867565,0,0,0,0,0,0,0,1,1
2015,2.02E+11,153.94,0.162400935,25,21,2,3,4,0,0.058464337,1,6580172,560507,22,0,0,0,0,0,122.2871274,2505.861853,0,0,0,0,0,0,0,0,0
2012,2.01E+11,153.94,0.090944524,14,14,0,0,0,0,0,0,6471254,415836,22,0,0,0,0,0,122.8562219,29.081251,0,0,0,0,0,0,0,0,0
2004,2.00E+11,153.94,0.240353384,37,35,0,2,2,0,0.02598415,1,6464149,407335,21,0,0,0,0,0,123.8365366,1381.356499,0,0,0,0,0,0,0,0,0
2014,2.01E+11,153.94,0.311809796,48,47,0,1,1,0,0.012992075,1,6535344,451746,23,0,0,0,0,0,124.8266292,74.795092,0,0,1,1,4,5,1,1,7
2013,2.01E+11,153.94,0.064960374,10,10,0,0.5,0,0,0.003248019,1,6718211,463449,23,0,0,0,1,10,125.3153688,2652.5025,0,0,0,0,0,0,0,0,0
2016,2.02E+11,153.94,0.441730544,68,60,0,0,8,0,0.051968299,1,6700081,397343,23,1,0,0,1,17,125.8814421,4181.907477,0,1,1,2,10,11,10,2,24
2013,2.01E+11,153.94,0.038976225,6,6,0,0.5,0,0,0.003248019,1,6822576,491408,22,0,0,0,0,0,127.002968,621.285982,0,0,0,0,1,1,3,2,6
2004,2.00E+11,153.94,0.032480187,5,5,0,0,0,0,0,0,6641989,421322,21,0,2,1,0,0,127.0169355,1410.928661,2,0,0,0,1,1,0,3,4
2007,2.01E+11,153.94,0.285825646,44,42,2,2,2,0,0.038976225,1,6723228,525290,22,0,0,0,0,0,127.2016591,3643.919439,0,0,0,0,0,0,1,3,4
2003,2.00E+11,153.94,0.012992075,2,0,0,3,0,0,0.019488112,1,6698905,579575,23,0,0,0,0,0,128.2689297,24.764084,0,0,0,0,0,0,0,0,0
2004,2.00E+11,153.94,0.032480187,5,3,0,2,2,0,0.02598415,1,6765323,574753,21,0,0,0,1,4,130.2268061,44.65351,0,0,0,0,0,0,0,0,0
2011,2.01E+11,153.94,0.003248019,0.5,0.5,0,0,0,0,0,0,6670388,437654,22,0,0,0,1,15,130.3538736,1392.107117,0,0,0,0,0,0,0,0,0
2007,2.01E+11,153.94,0.012992075,2,2,2,2,0,0,0.02598415,1,6829911,542962,22,0,0,0,0,0,130.7722709,3223.654434,0,0,0,0,7,7,0,2,9
2005,2.01E+11,153.94,0.077952449,12,12,0,2,0,0,0.012992075,1,6690590,595167,22,0,0,0,0,0,131.0767111,3050.541312,0,0,0,0,2,2,0,0,2
2005,2.01E+11,153.94,0.17539301,27,27,0,0,0,0,0,0,6737856,414156,22,0,0,0,0,0,131.2560699,2536.544374,0,0,0,0,6,6,0,4,10
2011,2.01E+11,153.94,0.003248019,0.5,0.5,0,0.5,0,0,0.003248019,1,6801420,404578,23,0,1,1,0,0,131.460182,651.139205,1,0,0,0,15,15,1,14,30
2016,2.02E+11,153.94,0.208522801,32.1,32,0,1,0.1,0,0.007145641,1,6629490,544959,22,0,0,0,1,10,131.926085,37.771059,0,0,0,0,2,2,0,7,9
2004,2.00E+11,153.94,0.02598415,4,2,0,2,2,0,0.02598415,1,6651281,507018,21,0,0,0,0,0,132.2806353,4513.102683,0,0,0,0,1,1,1,1,3
2008,2.01E+11,153.94,0.038976225,6,6,0,0,0,0,0,0,6486478,418453,23,0,4,1,0,0,132.7179819,1428.400531,4,0,0,0,1,1,2,0,3
2006,2.01E+11,153.94,0.051968299,8,8,2,2,0,0,0.02598415,1,6650517,575010,23,0,1.844087596,1,0,0,133.3753921,406.603851,2,0,0,0,1,1,2,0,3
2014,2.01E+11,153.94,0.103936599,16,16,0,3,0,0,0.019488112,1,6786411,570534,22,0,0,0,1,10,134.4101669,1847.822421,0,0,2,2,5,7,0,0,7
2006,2.01E+11,153.94,0.077952449,12,12,5,0,0,0,0.032480187,1,6617429,456606,22,0,0,0,0,0,136.0196509,1866.725484,0,0,0,0,0,0,0,0,0
2007,2.01E+11,153.94,0.448226582,69,69,0,2,0,0,0.012992075,1,6703262,405074,21,0,0,0,1,3,136.9546426,785.646833,0,0,0,0,0,0,1,1,2
2011,2.01E+11,153.94,0.003248019,0.5,0.5,0,0.5,0,0,0.003248019,1,6759165,586539,23,0,4,1,1,7,139.0911939,2731.347906,4,0,0,0,6,6,0,0,6
2007,2.01E+11,153.94,0.272833572,42,42,0,0,0,0,0,0,6683215,400323,23,1,5,1,0,0,139.6637666,6824.58032,5,2,3,5,6,9,1,0,12
2003,2.00E+11,153.94,0.077952449,12,5,0,0,0,0,0,0,6763334,453822,23,0,0,0,0,0,140.0634902,10879.01707,0,0,0,0,2,2,0,3,5
2007,2.01E+11,153.94,0.019488112,3,3,0,2,0,0,0.012992075,1,6829434,544473,22,0,0,0,0,0,140.3342344,2265.91133,0,0,0,0,2,2,3,15,20
2007,2.01E+11,153.94,0.012992075,2,2,0,0,0,0,0,0,6748236,404529,22,0,0,0,0,0,140.4791234,5608.954249,0,0,0,0,5,5,0,1,6
2011,2.01E+11,153.94,0.087696505,13.5,13,0,0.5,0.5,0,0.006496037,1,6629255,553078,23,1,2,1,1,2,141.3452762,499.663791,2,2,2,4,3,5,0,1,8
2015,2.02E+11,153.94,0.149408861,23,23,0,0.1,0,0,0.000649604,1,6728340,530605,23,0,1,1,1,9,141.376573,2045.732697,1,0,1,1,4,5,1,1,7
2011,2.01E+11,153.94,0.139664804,21.5,21,0,0.5,0.5,0,0.006496037,1,6628850,553478,23,0,0,0,1,2,141.4044637,216.49303,0,0,0,0,0,0,0,0,0
2010,2.01E+11,153.94,0.051968299,8,8,0,2,0,0,0.012992075,1,6672479,569595,23,1,4,1,0,0,142.4069613,156.334575,4,4,0,4,0,0,7,6,17
2007,2.01E+11,153.94,0.272833572,42,42,0,2,0,0,0.012992075,1,6422445,363448,22,0,0,0,0,0,143.2933461,131.010827,0,0,0,0,0,0,0,0,0
2015,2.02E+11,153.94,0.136416786,21,20,0,1,1,0,0.012992075,1,6787382,516721,22,0,0,0,1,13,144.0301959,2959.875424,0,0,2,2,2,4,1,2,7
2014,2.01E+11,153.94,0.019488112,3,3,0,0,0,0,0,0,6850704,494986,22,0,0,0,0,0,144.1268507,713.624253,0,0,0,0,4,4,1,2,7
2010,2.01E+11,153.94,0.051968299,8,8,0,0,0,0,0,0,6724301,432497,22,0,0,0,1,1,144.5403581,1293.746907,0,0,0,0,7,7,0,3,10
2010,2.01E+11,153.94,0.077952449,12,12,0,2,0,0,0.012992075,1,6797312,476590,23,0,0,0,1,5,144.5770117,2158.133791,0,0,0,0,2,2,3,3,8
2013,2.01E+11,153.94,0.136416786,21,19,0,0,2,0,0.012992075,1,6353045,392924,22,0,0,0,0,0,144.9770135,454.188558,0,0,0,0,0,0,0,0,0
2008,2.01E+11,153.94,0,0,0,2,2,0,0,0.02598415,1,6845077,620455,22,0,4,1,0,0,145.1898409,1786.446293,4,0,0,0,3,3,0,1,4
2012,2.01E+11,153.94,0.289073665,44.5,44,0,0.5,0.5,0,0.006496037,1,6603277,424984,23,0,0,0,0,0,145.7601002,276.858474,0,0,0,0,2,2,0,0,2
2011,2.01E+11,153.94,0.038976225,6,6,0,0.5,0,0,0.003248019,1,6763663,584982,22,0,0,0,1,10,146.587309,6008.043706,0,0,0,0,1,1,0,0,1
2004,2.00E+11,153.94,0.051968299,8,6,0,2,2,0,0.02598415,1,6819256,529606,22,0,1,1,0,0,146.6419219,6572.839771,1,0,1,1,0,1,0,0,1
2012,2.01E+11,153.94,0.207873197,32,32,0,0.5,0,0,0.003248019,1,6785429,568213,22,0,0,0,1,9,147.2725094,3983.190371,0,0,0,0,0,0,0,1,1
2014,2.01E+11,153.94,0.124074315,19.1,19,0,2,0.1,0,0.013641679,1,6620107,394972,22,0,0,0,1,3,147.6787158,878.75137,0,0,0,0,0,0,0,0,0
2015,2.02E+11,153.94,0.006496037,1,1,0,0,0,0,0,0,6863642,393920,22,0,0,0,0,0,148.0430582,116.073074,0,0,0,0,0,0,3,1,4
2010,2.01E+11,153.94,0,0,0,0,0,0,0,0,0,6433589,442679,22,0,0,0,0,0,148.7480549,436.810196,0,0,1,1,2,3,2,0,5
2012,2.01E+11,153.94,0.958165519,147.5,147,0,0.5,0.5,0,0.006496037,1,6509650,351014,22,0,0,0,1,6,149.2501562,666.799842,0,0,0,0,0,0,0,0,0
2009,2.01E+11,153.94,0.747044303,115,115,0,0,0,0,0,0,6562853,349019,22,0,0,0,0,0,149.4191929,2072.431612,0,0,1,1,0,1,0,0,1
2004,2.00E+11,153.94,0.012992075,2,2,2,0,0,0,0.012992075,1,6656577,580540,23,0,0,0,0,0,150.0166928,3570.712608,0,0,0,0,0,0,4,1,5
2009,2.01E+11,153.94,0.240353384,37,35,3,2,2,0,0.045472262,1,6653027,367415,22,0,1,1,1,3,150.6943205,2025.013212,1,0,0,0,0,0,0,0,0
2007,2.01E+11,153.94,0.077952449,12,12,0,0,0,0,0,0,6541411,481968,22,0,0,0,1,8,151.1236832,548.191858,0,0,0,0,4,4,0,2,6
2008,2.01E+11,153.94,0.019488112,3,3,0,3,0,0,0.019488112,1,6739770,553777,22,0,0,0,0,0,151.2564267,2144.07894,0,0,1,1,0,1,2,2,5
2009,2.01E+11,153.94,0.051968299,8,8,19,0,0,0,0.123424711,1,6893604,543375,23,0,1,1,0,0,151.5542492,7659.494508,1,0,0,0,0,0,0,0,0
2012,2.01E+11,153.94,0.012992075,2,2,0,0,0,0,0,0,6377940,402957,22,0,1,1,0,0,152.209881,1363.371984,1,0,0,0,0,0,0,0,0
2015,2.02E+11,153.94,0.012992075,2,2,0,1,0,0,0.006496037,1,6810717,496561,22,0,0,0,0,0,152.2962339,3788.851986,0,0,0,0,0,0,1,2,3
2014,2.01E+11,153.94,0.42873847,66,66,0,0,0,0,0,0,6526212,450400,21,1,3,1,0,0,153.5419003,1705.536582,3,2,5,7,2,7,0,0,9
2007,2.01E+11,153.94,0.17539301,27,27,0,2,0,0,0.012992075,1,6612322,447171,22,0,0,0,0,0,153.5693684,3223.335058,0,0,0,0,0,0,0,0,0
2003,2.00E+11,153.94,0.019488112,3,5,0,2,2,0,0.02598415,1,6577253,357639,22,1,1,1,1,3,153.6911446,3263.557859,1,1,0,1,1,1,0,0,2
2011,2.01E+11,153.94,0.266337534,41,39,4,5,2,0,0.071456412,1,6822028,575264,22,0,0,0,0,0,154.2776246,723.082041,0,0,1,1,1,2,3,3,8
2009,2.01E+11,153.94,0.012992075,2,2,0,0,0,0,0,0,6699298,595263,22,1,1,1,0,0,154.4314883,1320.727958,1,1,0,1,0,0,3,7,11
2009,2.01E+11,153.94,0.012992075,2,2,0,0,0,0,0,0,6435625,445452,23,0,0,0,0,0,154.7176252,1103.760097,0,0,0,0,0,0,2,0,2
2009,2.01E+11,153.94,0.012992075,2,2,0,0,0,0,0,0,6644379,518952,22,0,0,0,1,2,156.3055442,3697.446875,0,0,0,0,4,4,0,2,6
2008,2.01E+11,153.94,0.123424711,19,19,0,2,0,0,0.012992075,1,6794464,571101,23,0,0,0,0,0,157.0603654,1460.103042,0,0,1,1,6,7,1,7,15
2003,2.00E+11,153.94,0.077952449,12,27,0,0,2,0,0.012992075,1,6792700,403479,23,0,0,0,0,0,157.6321212,70.529591,0,0,0,0,5,5,0,5,10
2009,2.01E+11,153.94,0.077952449,12,12,2,0,0,2,0.02598415,1,6561329,491521,22,0,0,0,0,0,158.2021299,967.337683,0,0,0,0,0,0,0,0,0
2014,2.01E+11,153.94,0.571651293,88,87,0,0.1,1,0,0.007145641,1,6362577,398043,23,0,1,1,0,0,158.9770586,695.391764,1,0,0,0,2,2,0,1,3
2005,2.01E+11,153.94,0.129920748,20,12,5,6,8,0,0.123424711,1,6785634,600000,22,0,0,0,0,0,159.5072706,48.445696,0,0,0,0,0,0,0,0,0
2008,2.01E+11,153.94,0.662595817,102,100,0,0,2,0,0.012992075,1,6710017,614120,22,0,0,0,0,0,159.731327,3939.308554,0,0,0,0,1,1,0,0,1
2004,2.00E+11,153.94,0.032480187,5,3,42,3,2,0,0.305313759,1,6835604,598878,21,0,1,1,0,0,161.8143726,2203.326285,1,0,0,0,5,5,0,0,5
2016,2.02E+11,153.94,0.045472262,7,7,0,0,0,0,0,0,6728036,409633,22,0,0,0,1,2,162.0889649,11104.77274,0,0,0,0,1,1,0,0,1
2007,2.01E+11,153.94,0.051968299,8,8,0,2,0,0,0.012992075,1,6797813,453393,23,0,0,0,1,2,162.2447593,3363.051921,0,0,0,0,0,0,2,7,9
2013,2.01E+11,153.94,0.370274133,57,50,0,0.5,7,0,0.048720281,1,6614869,447788,23,0,0,0,1,7,163.7604322,1289.426355,0,0,0,0,0,0,0,0,0
2003,2.00E+11,153.94,0.019488112,3,54,2,2,3,0,0.045472262,1,6643721,440294,22,0,0,0,1,3,163.8016482,2495.190208,0,0,0,0,0,0,0,3,3
2003,2.00E+11,153.94,0.038976225,6,3,0,0,2,0,0.012992075,1,6628004,380517,23,0,1,1,0,0,163.8613778,2264.758224,1,0,0,0,7,7,0,0,7
2005,2.01E+11,153.94,0.077952449,12,12,0,3,0,0,0.019488112,1,6737874,415654,21,0,0,0,0,0,163.9539722,1578.007911,0,0,0,0,0,0,0,0,0
2007,2.01E+11,153.94,0.194881123,30,27,0,0,3,0,0.019488112,1,6798829,454384,23,1,0,0,1,2,164.4129084,4625.611696,0,1,0,1,1,1,0,0,2
2012,2.01E+11,153.94,0.003248019,0.5,0.5,0,0,0,0,0,0,6729688,384477,22,0,0,0,1,4,164.5455355,2113.861871,0,0,0,0,0,0,0,0,0
2006,2.01E+11,153.94,0.012992075,2,2,0,0,0,0,0,0,6504747,304694,21,0,2,1,0,0,164.8732491,2473.676667,2,0,0,0,6,6,4,9,19
2004,2.00E+11,153.94,0.363778095,56,54,0,0,2,0,0.012992075,1,6649368,535187,23,0,0,0,0,0,165.8141539,1607.68304,0,0,0,0,6,6,2,0,8
2003,2.00E+11,153.94,0.17539301,27,12,2,2,2,0,0.038976225,1,6718064,429391,23,0,0,0,0,0,166.0463901,4591.039901,0,0,0,0,9,9,2,1,12
2008,2.01E+11,153.94,0.090944524,14,12,0,2,2,0,0.02598415,1,6862329,601748,22,0,0,0,0,0,166.2359565,5399.13723,0,0,0,0,0,0,0,0,0
2005,2.01E+11,153.94,0.019488112,3,3,0,0,0,0,0,0,6534256,518436,21,0,0,0,0,0,166.8595002,3097.746336,0,0,0,0,0,0,0,0,0
2012,2.01E+11,153.94,0.016240094,2.5,2,0,0.5,0.5,0,0.006496037,1,6893325,521394,23,0,3,1,0,0,167.2504117,5203.902151,3,0,2,2,0,2,0,0,2
2008,2.01E+11,153.94,0.123424711,19,19,0,0,0,0,0,0,6358874,379199,23,0,1,1,0,0,167.3268617,1043.629427,1,0,0,0,0,0,0,2,2
2014,2.01E+11,153.94,0.078602053,12.1,12,0,3,0.1,1,0.026633753,1,6533224,356830,22,0,0,0,0,0,167.6607389,836.085167,0,0,0,0,0,0,0,3,3
2007,2.01E+11,153.94,0.747044303,115,115,0,0,0,0,0,0,6493048,316629,22,0,0,0,0,0,168.5210293,2071.203774,0,0,0,0,0,0,0,0,0
2006,2.01E+11,153.94,0.285825646,44,42,0,2,2,0,0.02598415,1,6813066,514681,22,0,0,0,1,4,169.2788335,8539.654709,0,0,0,0,3,3,1,1,5
2005,2.01E+11,153.94,0.077952449,12,12,0,2,0,0,0.012992075,1,6523435,482580,22,0,0,0,0,0,169.3487389,2049.638777,0,0,2,2,2,4,1,0,5
2008,2.01E+11,153.94,0.272833572,42,42,2,0,0,0,0.012992075,1,6534651,501439,22,0,0,0,0,0,171.6251557,429.469741,0,0,0,0,9,9,3,1,13
2008,2.01E+11,153.94,0.448226582,69,69,0,0,0,0,0,0,6358063,378807,22,0,0,0,0,0,171.9073014,171.531604,0,0,0,0,4,4,0,22,26
2014,2.01E+11,153.94,0.123424711,19,19,0,0,0,0,0,0,6746577,535433,22,0,0,0,1,9,172.4705027,431.125237,0,0,0,0,6,6,3,3,12
2015,2.02E+11,153.94,0.143562427,22.1,22,0,7,0.1,0,0.046121866,1,6635948,466485,21,0,0,0,1,9,173.0194055,1628.27008,0,0,0,0,0,0,0,0,0
2011,2.01E+11,153.94,0.003248019,0.5,0.5,0,0,0,0,0,0,6779216,428834,22,0,0,0,0,0,173.6519144,6991.544765,0,0,0,0,0,0,6,2,8
2005,2.01E+11,153.94,0.350786021,54,54,0,2,0,0,0.012992075,1,6789195,483993,23,0,0,0,0,0,173.6775002,558.876254,0,0,0,0,1,1,0,1,2
2008,2.01E+11,153.94,0.272833572,42,42,0,2,0,0,0.012992075,1,6664431,564701,22,0,0,0,0,0,174.8733341,2174.675855,0,0,0,0,0,0,1,20,21
2003,2.00E+11,153.94,0,0,27,0,2,0,0,0.012992075,1,6601870,327353,22,0,0,0,0,0,174.929878,32.071639,0,0,0,0,0,0,0,0,0
2007,2.01E+11,153.94,0.064960374,10,8,5,2,2,0,0.058464337,1,6552765,441393,22,0,0,0,0,0,176.0802704,626.862343,0,0,0,0,0,0,0,0,0
2012,2.01E+11,153.94,0.545667143,84,84,0.5,0.5,0,0,0.006496037,1,6625005,598716,22,0,0,0,0,0,176.8161532,2169.760591,0,0,0,0,0,0,0,0,0
2012,2.01E+11,153.94,0.412498376,63.5,63,0,0.5,0.5,0.5,0.009744056,1,6524450,451580,23,0,0,0,0,0,176.915849,1911.322948,0,0,2,2,0,2,0,0,2
2006,2.01E+11,153.94,0.051968299,8,8,0,0,0,0,0,0,6637317,476806,22,0,0,0,1,4,178.3558859,2794.99054,0,0,0,0,2,2,0,6,8
2012,2.01E+11,153.94,0.110432636,17,17,0,0,0,0,0,0,6752674,465151,21,0,0,0,1,4,179.1297141,1842.447727,0,0,0,0,5,5,0,3,8
2010,2.01E+11,153.94,0.064960374,10,5,0,0,5,0,0.032480187,1,6820742,472314,22,0,0,0,0,0,179.2417075,2383.245943,0,0,0,0,0,0,2,2,4
2008,2.01E+11,153.94,0.55216318,85,85,0,0,0,0,0,0,6481420,463696,22,0,0,0,0,0,179.359609,1715.282693,0,0,0,0,3,3,0,0,3
2016,2.02E+11,153.94,0.045472262,7,7,0,1,0,0,0.006496037,1,6814803,444245,23,1,1,1,0,0,179.4948924,9193.852911,1,1,0,1,6,6,0,1,8
2006,2.01E+11,153.94,0.032480187,5,5,0,0,0,0,0,0,6603110,491617,23,1,4,1,1,4,179.523628,2905.769661,4,1,0,1,4,4,0,6,11
2006,2.01E+11,153.94,0.045472262,7,5,0,2,2,3,0.045472262,1,6600053,569229,22,0,0,0,0,0,179.5505141,585.541,0,0,0,0,0,0,1,0,1
2007,2.01E+11,153.94,0.051968299,8,8,0,2,0,0,0.012992075,1,6858656,522615,23,1,1,1,1,1,179.7768093,8586.977969,1,1,0,1,2,2,1,0,4
2009,2.01E+11,153.94,0.051968299,8,8,0,2,0,0,0.012992075,1,6521711,298548,23,0,1,1,1,4,180.558449,1491.177404,1,0,0,0,1,1,0,0,1
2006,2.01E+11,153.94,0.55216318,85,85,0,2,0,0,0.012992075,1,6703998,546018,23,0,0,0,0,0,181.1295833,26.647486,0,0,0,0,0,0,0,0,0
2007,2.01E+11,153.94,0.012992075,2,0,2,0,2,0,0.02598415,1,6853783,573666,22,0,0,0,0,0,182.0289331,445.253197,0,0,0,0,2,2,1,1,4
2010,2.01E+11,153.94,0.090944524,14,12,0,0,2,0,0.012992075,1,6734289,472874,23,0,0,0,1,10,182.1935095,10891.27886,0,0,0,0,0,0,6,0,6
2012,2.01E+11,153.94,0.061712355,9.5,9,0,0.5,0.5,0,0.006496037,1,6897103,583813,21,0,0,0,0,0,182.3011923,2900.110299,0,0,0,0,0,0,0,0,0
2004,2.00E+11,153.94,0,0,0,0,0,0,0,0,0,6612313,405690,22,0,0,0,0,0,182.6045886,292.020546,0,0,0,0,0,0,2,8,10
2016,2.02E+11,153.94,0.357931662,55.1,55,0,0.1,0.1,0,0.001299207,1,6664370,582423,22,0,0,0,0,0,183.5721099,1880.658831,0,0,0,0,0,0,0,0,0
2015,2.02E+11,153.94,0.045472262,7,6,0,1,1,0,0.012992075,1,6688252,393125,23,1,0,0,1,12,183.5857735,681.565836,0,1,1,2,3,4,2,7,14
2012,2.01E+11,153.94,0.113680655,17.5,17,0,0,0.5,0,0.003248019,1,6694471,568321,22,0,1,1,0,0,184.7161671,954.642145,1,0,0,0,3,3,0,1,4
2013,2.01E+11,153.94,0.003248019,0.5,0.5,0,0.5,0,0,0.003248019,1,6808915,604193,22,0,0,0,0,0,185.9647345,137.662476,0,0,0,0,0,0,0,0,0
2012,2.01E+11,153.94,0.032480187,5,5,0,0,0,0,0,0,6394383,373582,22,1,5,1,0,0,186.7030038,1055.275614,5,2,2,4,16,18,10,7,37
2012,2.01E+11,153.94,0.051968299,8,8,0,0.5,0,0,0.003248019,1,6653516,406895,22,0,4,1,1,10,187.2006928,2249.873035,4,0,0,0,1,1,0,0,1
2009,2.01E+11,153.94,0.649603742,100,100,0,0,0,0,0,0,6681308,596480,23,0,1,1,0,0,187.9554413,323.852687,1,0,0,0,0,0,0,0,0
2015,2.02E+11,153.94,0.02598415,4,4,1,0,0,0,0.006496037,1,6810717,498061,22,0,1,1,0,0,188.5356457,5168.333012,1,0,0,0,2,2,1,3,6
2010,2.01E+11,153.94,0.55216318,85,85,0,0,0,0,0,0,6694427,442382,22,0,0,0,1,6,189.0472486,4665.063583,0,0,0,0,0,0,1,0,1
2006,2.01E+11,153.94,0.272833572,42,42,0,0,0,0,0,0,6632726,440427,22,0,1,1,1,7,190.5505877,1137.659875,1,0,1,1,1,2,0,2,4
2014,2.01E+11,153.94,0.032480187,5,4,0,0,1,0,0.006496037,1,6765353,573956,23,0,0,0,1,14,190.7247134,738.808122,0,0,0,0,5,5,0,2,7
2010,2.01E+11,153.94,0.019488112,3,3,0,2,0,0,0.012992075,1,6690860,560378,22,0,0,0,0,0,191.1710031,1289.715347,0,0,0,0,0,0,3,3,6
2011,2.01E+11,153.94,0.003248019,0.5,0.5,0,0,0,0,0,0,6788715,427728,22,0,0,0,0,0,191.2914661,112.938721,0,0,0,0,2,2,5,3,10
2008,2.01E+11,153.94,0.077952449,12,12,6,5,0,0,0.071456412,1,6713343,518613,22,0,1,1,0,0,192.3649246,1865.681029,1,0,0,0,0,0,0,0,0
2016,2.02E+11,153.94,0.090944524,14,14,0,0.1,0,0,0.000649604,1,6717422,622897,22,0,0,0,1,2,192.9862835,597.459821,0,0,0,0,0,0,2,3,5
2007,2.01E+11,153.94,0.272833572,42,42,0,0,0,0,0,0,6663200,521026,22,0,1,1,0,0,193.0998862,478.608379,1,0,0,0,2,2,3,1,6
2007,2.01E+11,153.94,0.012992075,2,2,0,0,0,0,0,0,6797330,454402,22,0,0,0,1,2,193.6289215,3285.890351,0,0,0,0,0,0,2,3,5
2011,2.01E+11,153.94,0.220865272,34,34,0,0.5,0,0,0.003248019,1,6822025,576269,23,0,0,0,0,0,193.815375,1503.596412,0,0,0,0,4,4,2,3,9
2015,2.02E+11,153.94,0.02598415,4,4,0,0,0,0,0,0,6865142,394920,23,0,2,1,0,0,195.0320263,255.481484,2,0,0,0,0,0,1,0,1
2005,2.01E+11,153.94,0.350786021,54,54,0,0,0,0,0,0,6362566,404541,22,0,0,0,0,0,195.6434073,1296.950484,0,0,0,0,0,0,0,0,0
2004,2.00E+11,153.94,0.240353384,37,35,0,0,2,0,0.012992075,1,6479195,461132,22,0,0,0,0,0,196.322924,2369.285422,0,0,0,0,0,0,0,0,0
2003,2.00E+11,153.94,0.55216318,85,12,0,0,0,0,0,0,6533099,488455,22,0,0,0,0,0,196.9648848,3308.628176,0,0,0,0,0,0,0,11,11
2007,2.01E+11,153.94,0.682083929,105,100,0,0,5,0,0.032480187,1,6621200,355605,22,0,0,0,0,0,196.9722764,14.024072,0,0,0,0,0,0,0,0,0
2003,2.00E+11,153.94,0.019488112,3,6,0,0,2,0,0.012992075,1,6652658,435191,22,0,0,0,1,1,197.1152398,2917.62674,0,0,0,0,2,2,0,3,5
2016,2.02E+11,153.94,0.038976225,6,6,3,2,0,0,0.032480187,1,6621608,466850,22,0,0,0,1,6,201.2310137,2757.502077,0,0,0,0,0,0,0,0,0
2015,2.02E+11,153.94,0.22736131,35,35,0,0.1,0,0,0.000649604,1,6791555,556708,22,1,0,0,1,5,201.5055438,3556.488181,0,2,0,2,0,0,0,0,2
2011,2.01E+11,153.94,0.02598415,4,4,0,0,0,0,0,0,6807761,513952,22,1,0,0,1,8,201.6800279,11569.0392,0,2,0,2,4,4,0,6,12
2007,2.01E+11,153.94,0.285825646,44,42,0,2,2,0,0.02598415,1,6762965,504809,21,0,0,0,1,3,202.1415403,4138.082302,0,0,0,0,0,0,0,0,0
2014,2.01E+11,153.94,0.155904898,24,19,0,0,5,0,0.032480187,1,6897143,583584,22,0,0,0,0,0,202.8599146,3132.035814,0,0,0,0,0,0,0,1,1
2015,2.02E+11,153.94,0.058464337,9,4,78,4,5,0,0.565155255,1,6542955,489270,23,0,0,0,0,0,203.6309377,34.411367,0,0,0,0,0,0,0,0,0
2005,2.01E+11,153.94,0.272833572,42,42,0,0,0,0,0,0,6455936,355452,23,0,3,1,0,0,204.0229082,939.598322,3,0,1,1,0,1,0,0,1
2008,2.01E+11,153.94,0.077952449,12,12,0,0,0,0,0,0,6436188,317861,22,0,2.012738854,1,1,1,204.8849378,505.517592,2,0,0,0,0,0,0,0,0
2014,2.01E+11,153.94,0.000649604,0.1,0.1,0,0,0,0,0,0,6827311,425720,23,0,0,0,0,0,206.15106,13040.85137,0,0,0,0,0,0,2,5,7
2010,2.01E+11,153.94,0.077952449,12,12,0,0,0,0,0,0,6839353,408406,22,1,0,0,0,0,207.3246849,1394.91761,0,1,0,1,0,0,1,2,4
2012,2.01E+11,153.94,0.107184617,16.5,16,0.5,0.5,0.5,0.5,0.012992075,1,6576762,544524,22,0,0,0,0,0,208.6801226,603.428716,0,0,0,0,0,0,0,0,0
2008,2.01E+11,153.94,0.123424711,19,19,0,0,0,0,0,0,6897670,589315,22,0,1,1,0,0,209.2149699,1826.684714,1,0,0,0,0,0,0,0,0
2009,2.01E+11,153.94,0.012992075,2,2,2,0,0,0,0.012992075,1,6568753,477437,23,0,0,0,0,0,209.2280192,4669.668931,0,0,0,0,13,13,0,1,14
2009,2.01E+11,153.94,0.363778095,56,54,0,2,2,0,0.02598415,1,6736943,607799,22,0,0,0,0,0,209.8912667,1860.322926,0,0,0,0,2,2,11,12,25
2013,2.01E+11,153.94,0.045472262,7,7,0,0.5,0,0,0.003248019,1,6645396,514896,23,0,0,0,1,6,210.9207154,5601.825666,0,0,0,0,2,2,0,0,2
2010,2.01E+11,153.94,0.019488112,3,3,2,0,0,0,0.012992075,1,6819745,431338,22,0,0,0,0,0,211.7749347,13845.17155,0,0,0,0,2,2,4,0,6
2004,2.00E+11,153.94,0.012992075,2,2,0,2,0,0,0.012992075,1,6739469,585571,22,0,0,0,0,0,212.4448779,1968.243985,0,0,0,0,0,0,0,0,0
2013,2.01E+11,153.94,0.02598415,4,4,0,0.5,0,0,0.003248019,1,6724366,582910,23,1,0,0,0,0,212.6209982,733.844726,0,3,0,3,0,0,0,0,3
2008,2.01E+11,153.94,0.051968299,8,8,0,0,0,0,0,0,6630756,512281,23,0,0,0,1,1,213.0094181,2687.438689,0,0,0,0,0,0,1,7,8
2004,2.00E+11,153.94,0.038976225,6,6,0,0,0,0,0,0,6732442,420716,22,0,0,0,0,0,214.9920224,305.478074,0,0,0,0,4,4,1,2,7
2006,2.01E+11,153.94,0.012992075,2,2,0,0,0,0,0,0,6603105,491217,23,0,3,1,1,4,215.5204846,3293.679534,3,0,0,0,2,2,0,5,7
2005,2.01E+11,153.94,0.272833572,42,42,0,2,0,0,0.012992075,1,6584524,541820,23,1,2.088711461,1,0,0,215.607037,272.00438,2,1,0,1,0,0,0,0,1
2008,2.01E+11,153.94,0.032480187,5,5,0,0,0,0,0,0,6734242,388406,22,0,0,0,0,0,215.7584928,3891.961843,0,0,0,0,11,11,0,0,11
2003,2.00E+11,153.94,0.077952449,12,2,0,2,0,0,0.012992075,1,6728934,460736,22,0,0,0,1,6,216.3210524,8579.342487,0,0,1,1,5,6,0,1,7
2005,2.01E+11,153.94,0.136416786,21,19,0,2,2,0,0.02598415,1,6868956,507496,22,0,1,1,0,0,216.7026603,3096.618282,1,0,1,1,0,1,0,1,2
2005,2.01E+11,153.94,0.038976225,6,6,0,0,0,0,0,0,6777581,474138,22,0,0,0,0,0,218.027189,663.075482,0,0,0,0,0,0,0,0,0
2009,2.01E+11,153.94,0.019488112,3,3,8,0,0,0,0.051968299,1,6892590,542890,23,0,0,0,0,0,218.1736171,6535.635102,0,0,0,0,0,0,4,1,5
2009,2.01E+11,153.94,0.090944524,14,12,2,0,2,0,0.02598415,1,6492693,336419,23,0,3,1,1,6,218.3980034,1011.855438,3,0,2,2,7,9,0,1,10
2006,2.01E+11,153.94,0.17539301,27,27,0,2,0,0,0.012992075,1,6719271,610320,21,0,0,0,0,0,218.6443484,759.289078,0,0,0,0,0,0,0,0,0
2013,2.01E+11,153.94,0.165648954,25.5,25,0,0.5,0.5,0,0.006496037,1,6661194,523280,21,0,1,1,0,0,218.7712876,2880.17751,1,0,0,0,0,0,2,6,8
2012,2.01E+11,153.94,0.240353384,37,34,0.5,0.5,3,0,0.02598415,1,6757941,607532,23,0,0,0,0,0,219.1874826,1731.07595,0,0,0,0,3,3,0,0,3
2004,2.00E+11,153.94,0,0,0,0,0,0,0,0,0,6787595,435031,23,0,0,0,0,0,219.2220522,817.772105,0,0,0,0,1,1,2,1,4
2016,2.02E+11,153.94,0.02598415,4,4,0,2,0,0,0.012992075,1,6689755,502981,23,0,0,0,1,7,219.6456715,2541.140685,0,0,0,0,0,0,0,0,0
2015,2.02E+11,153.94,0.032480187,5,5,0,0,0,0,0,0,6675935,473099,22,0,0,0,1,18,220.6711863,2246.443781,0,0,0,0,1,1,6,3,10
2013,2.01E+11,153.94,0.055216318,8.5,8,0,0.5,0.5,0,0.006496037,1,6745869,456459,23,1,2,1,1,6,220.8412866,160.556101,2,1,0,1,9,9,0,6,16
2013,2.01E+11,153.94,0.068208393,10.5,10,0,0,0.5,0,0.003248019,1,6668687,429977,21,0,0,0,1,9,221.2261907,2083.848682,0,0,0,0,4,4,0,0,4
2010,2.01E+11,153.94,0.22736131,35,35,0,2,0,0,0.012992075,1,6816638,584317,21,1,0,0,0,0,222.8386173,6018.784057,0,1,0,1,0,0,0,3,4
2015,2.02E+11,153.94,0.006496037,1,1,0,0,0,0,0,0,6892542,568755,23,0,1,1,0,0,222.885619,5074.50357,1,0,0,0,3,3,0,2,5
2013,2.01E+11,153.94,0.168896973,26,22,24,0,4,0,0.181889048,1,6878213,567003,23,0,0,0,0,0,222.9754496,385.316981,0,0,0,0,2,2,0,0,2
2004,2.00E+11,153.94,0.090944524,14,12,0,2,2,0,0.02598415,1,6600195,515246,22,0,6,1,0,0,223.2766979,631.216134,6,0,0,0,2,2,0,3,5
2007,2.01E+11,153.94,0.051968299,8,8,2,8,0,0,0.064960374,1,6638488,461848,22,0,0,0,0,0,224.4943364,637.141402,0,0,0,0,0,0,0,0,0
2012,2.01E+11,153.94,0.123424711,19,19,0,0.5,0,0.5,0.006496037,1,6488249,432428,22,0,2,1,0,0,224.6961286,866.276409,2,0,0,0,0,0,0,0,0
2011,2.01E+11,153.94,0.032480187,5,5,0,0,0,0,0,0,6779769,431834,22,0,0,0,0,0,224.8646243,6836.34436,0,0,6,6,0,6,0,2,8
2006,2.01E+11,153.94,0.032480187,5,5,0,0,0,0,0,0,6541418,316445,22,0,0,0,1,9,226.4710658,1513.855754,0,0,0,0,22,22,0,11,33
2005,2.01E+11,153.94,0.272833572,42,42,0,0,0,0,0,0,6636145,544797,22,0,0,0,0,0,226.5245347,10.831524,0,0,0,0,2,2,0,3,5
2014,2.01E+11,153.94,0.305313759,47,47,0,0,0,0,0,0,6739136,357328,21,0,0,0,1,27,227.195908,3282.329109,0,0,1,1,4,5,2,0,7
2016,2.02E+11,153.94,0.012992075,2,2,0,2,0,0,0.012992075,1,6738195,583921,23,0,0,0,1,3,229.0169083,228.946758,0,0,0,0,0,0,0,0,0
2011,2.01E+11,153.94,0.012992075,2,2,0,0.5,0,0,0.003248019,1,6719966,447549,21,0,0,0,0,0,229.2379532,5990.790018,0,0,0,0,2,2,0,2,4
2004,2.00E+11,153.94,0.012992075,2,2,0,0,0,0,0,0,6549742,345928,22,0,0,0,0,0,229.8418826,1474.510211,0,0,0,0,0,0,0,0,0
2011,2.01E+11,153.94,0.077952449,12,12,0,0.5,0,0,0.003248019,1,6847748,594422,21,0,0,0,0,0,230.3766864,753.917867,0,0,1,1,0,1,1,3,5
2010,2.01E+11,153.94,0.090944524,14,12,2,2,2,0,0.038976225,1,6870001,535666,22,1,4,1,1,2,231.928293,5801.698474,4,1,7,8,1,8,0,1,10
2013,2.01E+11,153.94,0.133168767,20.5,20,0.5,0,0.5,0,0.006496037,1,6634234,408979,22,0,0,0,1,2,233.9495151,3648.589578,0,0,0,0,0,0,0,0,0
2005,2.01E+11,153.94,0.012992075,2,2,0,0,0,0,0,0,6722176,440334,23,0,0,0,0,0,234.5121119,6265.265194,0,0,0,0,2,2,0,14,16
2014,2.01E+11,153.94,0.311809796,48,48,0,0.1,0,0,0.000649604,1,6731594,571092,23,0,1,1,1,7,234.9136724,1796.159805,1,0,0,0,0,0,0,0,0
2005,2.01E+11,153.94,0.17539301,27,27,0,2,0,0,0.012992075,1,6478506,437143,22,0,3,1,0,0,235.97982,523.852429,3,0,0,0,2,2,0,0,2
2004,2.00E+11,153.94,0.662595817,102,100,0,2,2,0,0.02598415,1,6667879,494982,22,0,0,0,0,0,236.9126582,3325.743061,0,0,0,0,0,0,0,0,0
2009,2.01E+11,153.94,0.019488112,3,3,0,0,0,0,0,0,6828072,458718,23,0,0,0,0,0,237.8242917,1976.128861,0,0,0,0,0,0,7,0,7
2011,2.01E+11,153.94,0.444978563,68.5,68,0.5,0,0.5,0.5,0.009744056,1,6418227,395278,22,0,1,1,0,0,238.1506202,658.622823,1,0,0,0,0,0,0,0,0
2007,2.01E+11,153.94,0.038976225,6,6,8,3,0,2,0.084448486,1,6497620,330967,22,0,0,0,1,4,238.7823881,1728.78673,0,0,0,0,0,0,0,0,0
2005,2.01E+11,153.94,0.123424711,19,19,0,2,0,0,0.012992075,1,6839841,577836,22,0,0,0,0,0,239.8057989,7952.765064,0,0,0,0,1,1,0,0,1
2007,2.01E+11,153.94,0.188385085,29,27,2,3,2,0,0.045472262,1,6794940,584889,22,0,0,0,0,0,240.3798637,285.25782,0,0,0,0,0,0,1,1,2
2006,2.01E+11,153.94,0.019488112,3,3,0,0,0,0,0,0,6523864,352637,23,0,0,0,0,0,240.5360276,1617.376702,0,0,0,0,0,0,1,0,1
2003,2.00E+11,153.94,0.019488112,3,6,0,0,2,0,0.012992075,1,6576754,357646,23,0,0,0,1,3,241.7764678,2830.385854,0,0,0,0,0,0,0,0,0
2005,2.01E+11,153.94,0.17539301,27,27,0,0,0,0,0,0,6635746,544802,22,0,0,0,0,0,242.161683,409.852593,0,0,0,0,5,5,0,0,5
2008,2.01E+11,153.94,0.051968299,8,6,0,3,2,0,0.032480187,1,6861340,602761,21,0,0,0,0,0,243.2789887,4582.77197,0,0,0,0,0,0,0,0,0
2005,2.01E+11,153.94,0.17539301,27,27,0,0,0,0,0,0,6672032,384972,22,0,0,0,1,2,243.3332759,365.239785,0,0,0,0,0,0,0,0,0
2003,2.00E+11,153.94,0,0,27,0,0,0,0,0,0,6414752,421909,23,0,0,0,0,0,243.8749021,2168.425753,0,0,0,0,0,0,0,0,0
2004,2.00E+11,153.94,0.55216318,85,85,0,0,0,0,0,0,6717665,479373,21,0,0,0,0,0,243.9461287,854.447033,0,0,0,0,0,0,0,1,1
2005,2.01E+11,153.94,0.240353384,37,35,0,2,2,0,0.02598415,1,6662641,586461,22,0,0,0,0,0,246.899243,584.185985,0,0,0,0,0,0,0,0,0
2007,2.01E+11,153.94,0.038976225,6,6,0,2,0,0,0.012992075,1,6691419,376241,21,0,0,0,1,4,248.9678766,1531.786053,0,0,0,0,6,6,5,5,16
2016,2.02E+11,153.94,0.643107704,99,91,4,4,8,0,0.103936599,1,6604842,372478,22,0,0,0,0,0,249.2352646,88.824557,0,0,0,0,0,0,0,0,0
2014,2.01E+11,153.94,0.597635442,92,90,1,0.1,2,0,0.020137716,1,6581832,550575,23,0,0,0,0,0,249.3215676,1546.439585,0,0,0,0,1,1,3,4,8
2009,2.01E+11,153.94,0.22736131,35,35,0,2,0,0,0.012992075,1,6625086,412232,22,0,0,0,0,0,249.4730152,288.659956,0,0,0,0,0,0,0,0,0
2014,2.01E+11,153.94,0.058464337,9,8,0,0,1,0,0.006496037,1,6685865,418783,23,0,0,0,1,13,250.1098968,2453.469987,0,0,0,0,2,2,0,0,2
2012,2.01E+11,153.94,0.006496037,1,0.5,0.5,0,0.5,0,0.006496037,1,6523066,336053,22,0,0,0,0,0,250.3812442,939.474428,0,0,0,0,3,3,2,0,5
2016,2.02E+11,153.94,0.02598415,4,3,0,1,1,0,0.012992075,1,6666356,554228,23,0,0,0,1,6,251.1883309,1819.774605,0,0,0,0,0,0,0,0,0
2012,2.01E+11,153.94,0.584643368,90,90,0.5,0.5,0,0,0.006496037,1,6758441,609029,22,0,0,0,0,0,251.4081859,582.840154,0,0,0,0,3,3,2,2,7
2008,2.01E+11,153.94,0.272833572,42,42,0,0,0,0,0,0,6559671,458006,22,0,2,1,1,4,251.5289613,3770.467224,2,0,0,0,1,1,0,0,1
2005,2.01E+11,153.94,0.077952449,12,12,0,0,0,0,0,0,6735030,590621,22,0,1,1,0,0,251.7456248,126.167625,1,0,0,0,5,5,1,4,10
2005,2.01E+11,153.94,0.272833572,42,42,0,3,0,0,0.019488112,1,6898515,552613,22,0,1,1,1,1,253.0618134,1240.106975,1,0,0,0,2,2,0,1,3
2015,2.02E+11,153.94,0.097440561,15,15,0,0,0,0,0,0,6542955,488870,22,0,0,0,0,0,253.8198714,294.418009,0,0,0,0,1,1,2,2,5
2014,2.01E+11,153.94,0.006496037,1,1,0,0,0,0,0,0,6642062,505365,22,0,0,0,1,7,253.9875983,1589.970927,0,0,0,0,1,1,0,1,2
2006,2.01E+11,153.94,0.077952449,12,12,0,0,0,0,0,0,6516031,295564,23,0,0,0,0,0,254.6129247,652.147655,0,0,0,0,5,5,2,13,20
2014,2.01E+11,153.94,0.046121866,7.1,7,0,0,0.1,0,0.000649604,1,6699878,411172,21,0,0,0,1,12,255.4196581,5900.331281,0,0,0,0,0,0,2,0,2
2003,2.00E+11,153.94,0.032480187,5,42,0,0,0,0,0,0,6587421,483806,22,0,0,0,1,1,256.2930984,255.033809,0,0,0,0,0,0,0,2,2
2010,2.01E+11,153.94,0.188385085,29,27,0,0,2,0,0.012992075,1,6869505,534168,22,1,0,0,1,2,257.2354263,4546.005807,0,1,3,4,0,3,3,1,8
2005,2.01E+11,153.94,0.012992075,2,2,0,0,0,0,0,0,6772291,449709,22,0,1,1,0,0,257.2832584,4067.877806,1,0,0,0,8,8,0,1,9
2010,2.01E+11,153.94,0.012992075,2,2,2,0,0,0,0.012992075,1,6653887,518838,22,1,1,1,1,3,257.7403617,83.457533,1,2,1,3,3,4,12,15,33
2005,2.01E+11,153.94,0.051968299,8,8,0,0,0,0,0,0,6584286,521830,22,1,0,0,0,0,258.293859,674.893024,0,1,0,1,0,0,0,1,2
2010,2.01E+11,153.94,0.363778095,56,54,0,2,2,2,0.038976225,1,6451768,325320,22,0,0,0,1,3,258.6780746,541.002168,0,0,2,2,4,6,0,0,6
2008,2.01E+11,153.94,0.051968299,8,8,2,0,0,0,0.012992075,1,6708527,614143,22,0,0,0,0,0,260.4019463,4656.845422,0,0,7,7,2,9,0,0,9
2013,2.01E+11,153.94,0.003248019,0.5,0.5,0,0,0,0,0,0,6652592,519893,23,1,0,0,1,5,261.2406986,263.427156,0,1,1,2,7,8,1,7,17
2008,2.01E+11,153.94,0.22736131,35,35,0,0,0,0,0,0,6898146,587816,21,0,0,0,0,0,261.3312277,513.662654,0,0,0,0,0,0,0,0,0
2013,2.01E+11,153.94,0.233857347,36,36,0.5,0.5,0,0,0.006496037,1,6744580,616407,22,0,0,0,0,0,261.4572041,3034.445358,0,0,0,0,0,0,4,2,6
2006,2.01E+11,153.94,0.188385085,29,27,0,0,2,0,0.012992075,1,6834799,533906,21,0,0,0,0,0,262.0227668,2482.170275,0,0,0,0,3,3,0,2,5
2006,2.01E+11,153.94,0.22736131,35,35,0,2,0,0,0.012992075,1,6822137,439602,23,0,0,0,0,0,262.2816788,17270.9709,0,0,0,0,0,0,0,0,0
2010,2.01E+11,153.94,0.032480187,5,5,0,0,0,0,0,0,6475423,313492,23,0,2,1,0,0,262.6772933,1467.563197,2,0,0,0,2,2,1,2,5
2010,2.01E+11,153.94,0.012992075,2,2,0,0,0,0,0,0,6798315,478089,22,0,0,0,1,4,262.7993825,3947.405909,0,0,0,0,0,0,0,0,0
2006,2.01E+11,153.94,0.350786021,54,54,0,2,0,0,0.012992075,1,6673621,555891,21,0,0,0,0,0,264.0919901,585.756131,0,0,0,0,0,0,0,3,3
2005,2.01E+11,153.94,0,0,0,0,0,0,0,0,0,6873392,542427,22,0,0,0,0,0,264.1998917,1881.185947,0,0,0,0,0,0,5,2,7
2004,2.00E+11,153.94,0.012992075,2,2,0,2,0,0,0.012992075,1,6622707,590951,23,0,0,0,0,0,265.0710613,1725.561382,0,0,0,0,0,0,0,0,0
2014,2.01E+11,153.94,0.001299207,0.2,0.1,0,0,0.1,0,0.000649604,1,6676927,500257,23,0,0,0,1,5,265.0893526,663.421172,0,0,0,0,0,0,0,5,5
2009,2.01E+11,153.94,0.045472262,7,5,0,2,2,0,0.02598415,1,6644083,371520,22,0,0,0,1,2,265.4887236,2638.28825,0,0,0,0,1,1,3,4,8
2005,2.01E+11,153.94,0.22736131,35,35,0,0,0,0,0,0,6823490,549050,21,0,0,0,0,0,265.8384196,1993.030569,0,0,0,0,2,2,1,3,6
2012,2.01E+11,153.94,0.220865272,34,34,7,0.5,0,0,0.048720281,1,6766442,487475,22,1,1,1,1,5,265.9741275,5988.931075,1,1,1,2,2,3,0,0,4
2006,2.01E+11,153.94,0.012992075,2,2,0,0,0,0,0,0,6819061,554599,21,0,0,0,0,0,267.7458459,2475.87504,0,0,0,0,11,11,0,1,12
2003,2.00E+11,153.94,0.019488112,3,8,0,0,0,0,0,0,6809788,573207,21,0,0,0,0,0,268.6403736,1861.023972,0,0,0,0,4,4,0,3,7
2016,2.02E+11,153.94,0.090944524,14,14,1,1,0,0,0.012992075,1,6820744,611369,23,0,0,0,0,0,268.8278782,3176.831046,0,0,0,0,0,0,3,1,4
2008,2.01E+11,153.94,0.038976225,6,6,0,2,0,0,0.012992075,1,6552831,292777,23,0,0,0,0,0,268.9925938,165.670086,0,0,0,0,0,0,0,0,0
2008,2.01E+11,153.94,0.051968299,8,8,0,2,0,0,0.012992075,1,6433705,418689,23,0,1,1,0,0,270.822612,1729.333172,1,0,0,0,0,0,0,0,0
2004,2.00E+11,153.94,0.272833572,42,42,0,2,0,0,0.012992075,1,6493586,460947,22,0,1,1,0,0,270.9450074,1981.695127,1,0,0,0,0,0,0,0,0
2011,2.01E+11,153.94,0.003248019,0.5,0.5,0.5,15,0,0.5,0.103936599,1,6708292,596144,22,0,0,0,0,0,271.3641092,128.685071,0,0,0,0,0,0,0,0,0
2014,2.01E+11,153.94,0.072106015,11.1,11,1,0.1,0.1,0,0.007795245,1,6701378,410172,22,0,0,0,1,12,271.6047489,4371.718892,0,0,0,0,2,2,1,0,3
2006,2.01E+11,153.94,0.17539301,27,27,0,0,0,0,0,0,6621582,387087,22,0,1,1,0,0,273.5835391,4483.324669,1,0,0,0,1,1,0,2,3
2011,2.01E+11,153.94,0.038976225,6,6,0,0,0,0,0,0,6824913,414071,23,0,0,0,0,0,274.1946209,2277.47658,0,0,0,0,1,1,0,2,3
2006,2.01E+11,153.94,0.123424711,19,19,2,2,0,0,0.02598415,1,6814570,514165,23,0,0,0,1,3,275.5944498,7998.020128,0,0,0,0,0,0,0,0,0
2004,2.00E+11,153.94,0.350786021,54,54,0,0,0,0,0,0,6649892,536683,23,1,0,0,0,0,276.0941376,761.638237,0,1,1,2,1,2,0,0,3
2016,2.02E+11,153.94,0.279979213,43.1,43,0,0.1,0.1,0,0.001299207,1,6500404,304264,22,0,0,0,0,0,276.304777,890.469797,0,0,0,0,0,0,0,0,0
2005,2.01E+11,153.94,0.032480187,5,3,0,2,2,0,0.02598415,1,6673384,454926,22,0,0,0,1,8,276.4171491,409.705707,0,0,0,0,0,0,0,0,0
2005,2.01E+11,153.94,0,0,0,0,0,0,0,0,0,6822742,488575,22,0,0,0,0,0,277.8341269,3444.601547,0,0,0,0,0,0,1,5,6
2006,2.01E+11,153.94,0.272833572,42,42,0,0,0,0,0,0,6506228,348852,22,0,1,1,1,3,278.7487288,472.539062,1,0,0,0,0,0,0,0,0
2015,2.02E+11,153.94,0.324801871,50,50,0,0,0,0,0,0,6685316,365467,22,0,3,1,1,10,279.1618173,1825.127213,3,0,0,0,3,3,0,0,3
2012,2.01E+11,153.94,0.003248019,0.5,0.5,0,0.5,0,0,0.003248019,1,6693981,446381,21,0,0,0,1,7,280.4529764,5321.16607,0,0,0,0,0,0,0,0,0
2004,2.00E+11,153.94,0.012992075,2,2,0,2,0,0,0.012992075,1,6413279,333579,21,0,0,0,0,0,281.3736395,1096.077123,0,0,2,2,4,6,0,1,7
2013,2.01E+11,153.94,0.019488112,3,3,0,0,0,0,0,0,6775819,428580,22,0,2,1,0,0,281.5849961,3682.677887,2,0,8,8,0,8,0,0,8
2004,2.00E+11,153.94,0.038976225,6,6,0,0,0,0,0,0,6667980,380524,23,0,2,1,0,0,282.4301309,281.691539,2,0,0,0,0,0,0,0,0
2008,2.01E+11,153.94,0.123424711,19,19,3,2,0,0,0.032480187,1,6819848,480814,23,0,0,0,0,0,282.8194523,8390.648302,0,0,0,0,0,0,0,3,3
2015,2.02E+11,153.94,0.792516565,122,120,0,2,2,0,0.02598415,1,6760724,506311,22,0,0,0,1,6,282.928374,1451.139223,0,0,0,0,0,0,0,0,0
2010,2.01E+11,153.94,0.285825646,44,42,0,3,2,0,0.032480187,1,6746178,383257,22,0,0,0,0,0,283.2876188,7445.859798,0,0,0,0,0,0,0,4,4
2008,2.01E+11,153.94,0.363778095,56,54,19,3,2,0,0.155904898,1,6896827,521847,23,0,0,0,0,0,284.0633687,6016.294195,0,0,0,0,0,0,0,0,0
2011,2.01E+11,153.94,0.113680655,17.5,17,0,0.5,0.5,0,0.006496037,1,6623928,509957,22,0,0,0,0,0,284.919695,276.984766,0,0,0,0,0,0,15,27,42
2007,2.01E+11,153.94,0.188385085,29,27,2,2,2,0,0.038976225,1,6591979,335971,22,0,0,0,0,0,286.3535577,142.13206,0,0,0,0,2,2,1,1,4
2015,2.02E+11,153.94,0.020137716,3.1,3,0,0,0.1,0,0.000649604,1,6750524,575920,21,0,0,0,1,2,286.359366,588.828519,0,0,0,0,2,2,3,1,6
2015,2.02E+11,153.94,0.058464337,9,7,0,0.1,2,0,0.013641679,1,6755599,600614,22,0,0,0,0,0,286.7738503,4663.735097,0,0,0,0,0,0,0,0,0
2007,2.01E+11,153.94,0.123424711,19,19,0,0,0,0,0,0,6762972,505306,22,0,0,0,1,3,286.8651091,3866.423022,0,0,0,0,0,0,3,1,4
2015,2.02E+11,153.94,0.013641679,2.1,2,0,1,0.1,0,0.007145641,1,6799739,560992,22,0,0,0,1,1,287.3284505,1032.927147,0,0,2,2,0,2,8,6,16
2003,2.00E+11,153.94,0.019488112,3,85,0,0,0,0,0,0,6681281,364873,23,0,3,1,0,0,287.3547229,745.788428,3,0,0,0,3,3,0,2,5
2006,2.01E+11,153.94,0.045472262,7,5,0,2,2,0,0.02598415,1,6898762,572604,22,1,0,0,0,0,288.6212733,2105.120474,0,2,0,2,6,6,0,5,13
2012,2.01E+11,153.94,0.061712355,9.5,9,0,0,0.5,0,0.003248019,1,6512866,484905,22,1,1,1,0,0,289.0728031,2787.925582,1,3,3,6,0,3,0,0,6
2013,2.01E+11,153.94,0.461218657,71,71,0,0,0,0,0,0,6585454,475281,22,0,0,0,1,9,290.13359,548.972154,0,0,0,0,0,0,0,0,0
2006,2.01E+11,153.94,0,0,0,3,0,0,0,0.019488112,1,6810733,608688,22,0,0,0,0,0,292.7217246,2379.642246,0,0,0,0,1,1,0,0,1
2013,2.01E+11,153.94,0.116928674,18,18,0.5,0,0,0,0.003248019,1,6589713,429618,22,1,1,1,1,2,294.311743,581.029736,1,7,5,12,5,10,0,1,18
2003,2.00E+11,153.94,0.17539301,27,12,0,0,5,0,0.032480187,1,6764375,538779,23,0,0,0,0,0,294.6998206,735.740398,0,0,0,0,0,0,1,2,3
2016,2.02E+11,153.94,0.006496037,1,1,0,0,0,0,0,0,6575572,340570,23,0,2,1,0,0,295.1104677,4996.007044,2,0,0,0,8,8,0,0,8
2004,2.00E+11,153.94,0.760036378,117,115,0,2,2,0,0.02598415,1,6708501,505970,22,1,0,0,0,0,295.2029957,2232.911065,0,2,1,3,0,1,0,12,15
2010,2.01E+11,153.94,0.012992075,2,2,0,2,0,2,0.02598415,1,6558238,382058,21,0,0,0,0,0,296.222824,281.460241,0,0,1,1,1,2,0,1,3
2011,2.01E+11,153.94,0.380018189,58.5,58,0.5,0.5,0.5,0,0.009744056,1,6889611,623911,23,0,0,0,0,0,296.6752514,2223.970366,0,0,2,2,3,5,0,1,6
2004,2.00E+11,153.94,0.012992075,2,0,0,0,2,0,0.012992075,1,6581165,351095,22,0,0,0,1,3,296.7161328,689.840329,0,0,2,2,2,4,0,0,4
2012,2.01E+11,153.94,0.081200468,12.5,12,0,0,0.5,0,0.003248019,1,6815142,503356,22,1,1,1,1,6,303.2131757,10049.13801,1,3,1,4,1,2,0,0,5
2014,2.01E+11,153.94,0.012992075,2,2,0,0,0,0,0,0,6745077,536433,21,0,0,0,1,9,304.608241,431.475994,0,0,0,0,0,0,2,11,13
2009,2.01E+11,153.94,0,0,0,0,0,0,0,0,0,6862227,400123,23,0,0,0,0,0,306.2741386,6080.660981,0,0,0,0,4,4,2,1,7
2006,2.01E+11,153.94,0,0,0,0,0,0,0,0,0,6612108,541091,22,0,0,0,1,3,306.2973489,2965.676513,0,0,0,0,12,12,0,3,15
2011,2.01E+11,153.94,0.016240094,2.5,2,0,0.5,0.5,0,0.006496037,1,6852231,511904,23,0,0,0,1,4,306.7237378,2121.817565,0,0,0,0,0,0,0,1,1
2007,2.01E+11,153.94,0.019488112,3,3,0,2,0,0,0.012992075,1,6794936,543900,23,0,0,0,0,0,306.8021121,3981.854743,0,0,0,0,0,0,0,0,0
2008,2.01E+11,153.94,0.02598415,4,2,0,0,2,0,0.012992075,1,6819353,480820,21,1,0,0,0,0,309.3232873,8192.4792,0,2,0,2,1,1,4,2,9
2016,2.02E+11,153.94,0.28647525,44.1,44,0,0,0.1,0,0.000649604,1,6602920,529659,23,0,0,0,1,13,309.9903809,2048.797722,0,0,0,0,1,1,0,0,1
2004,2.00E+11,153.94,0.064960374,10,5,0,3,5,0,0.051968299,1,6890268,572706,22,0,0,0,0,0,310.8046324,5584.633995,0,0,0,0,0,0,0,0,0
2008,2.01E+11,153.94,0.032480187,5,5,0,0,0,0,0,0,6720099,416069,23,0,0,0,1,2,311.322692,6159.083804,0,0,0,0,1,1,0,1,2
2014,2.01E+11,153.94,0.02598415,4,4,0,3,0,0,0.019488112,1,6674023,525915,22,0,0,0,0,0,312.2120464,275.460697,0,0,0,0,0,0,0,0,0
2005,2.01E+11,153.94,0.17539301,27,27,0,0,0,0,0,0,6738365,414656,22,0,0,0,0,0,312.6395986,1825.01561,0,0,0,0,5,5,0,4,9
2013,2.01E+11,153.94,0.032480187,5,5,0,0,0,0,0,0,6670156,378161,22,0,2,1,1,8,312.9752817,1387.678481,2,0,0,0,3,3,1,2,6
2016,2.02E+11,153.94,0.155904898,24,23,0,0,1,0,0.006496037,1,6653066,465077,22,0,0,0,1,15,313.209576,3736.221372,0,0,0,0,0,0,0,0,0
2004,2.00E+11,153.94,0,0,0,0,0,0,0,0,0,6804312,493795,22,0,0,0,0,0,313.303159,4708.319504,0,0,0,0,3,3,5,0,8
2005,2.01E+11,153.94,0.012992075,2,2,0,2,0,0,0.012992075,1,6639306,508770,22,0,1,1,0,0,314.2331256,464.103219,1,0,0,0,6,6,1,1,8
2011,2.01E+11,153.94,0.220865272,34,34,0,0.5,0,0,0.003248019,1,6624329,510362,22,0,0,0,0,0,315.6518398,842.405125,0,0,0,0,0,0,4,2,6
2011,2.01E+11,153.94,0.003248019,0.5,0.5,0,0.5,0,0,0.003248019,1,6766880,604421,22,0,0,0,0,0,316.5060204,2366.79064,0,0,0,0,0,0,3,1,4
2009,2.01E+11,153.94,0.240353384,37,35,0,0,2,0,0.012992075,1,6591878,472365,22,1,11,1,1,7,317.5468968,572.748178,11,10,3,13,6,9,6,19,44
2003,2.00E+11,153.94,0.077952449,12,0,0,0,0,0,0,0,6798069,433399,22,0,0,0,0,0,318.8083343,1393.306352,0,0,0,0,3,3,0,7,10
2009,2.01E+11,153.94,0.350786021,54,54,0,0,0,0,0,0,6796593,459115,22,0,0,0,1,4,319.059226,5018.787977,0,0,0,0,0,0,0,0,0
2011,2.01E+11,153.94,0.02598415,4,2,2,2,2,0,0.038976225,1,6883663,588977,23,0,0,0,0,0,319.196734,3129.999006,0,0,0,0,0,0,0,0,0
2015,2.02E+11,153.94,0.253345459,39,39,0,0,0,0,0,0,6727339,531605,23,0,1,1,1,8,319.853885,1350.442815,1,0,0,0,24,24,0,7,31
2016,2.02E+11,153.94,0.17539301,27,26,0,0,1,0,0.006496037,1,6438495,344476,23,0,0,0,0,0,320.8966362,1257.060222,0,0,0,0,1,1,0,0,1
2003,2.00E+11,153.94,0,0,27,0,2,0,0,0.012992075,1,6388722,418222,22,0,0,0,0,0,322.6994324,485.714648,0,0,0,0,0,0,0,0,0
2007,2.01E+11,153.94,0.188385085,29,27,0,0,2,0,0.012992075,1,6691912,376234,21,0,0,0,1,4,323.1216169,1923.73217,0,0,0,0,1,1,0,2,3
2015,2.02E+11,153.94,0,0,0,0,0,0,0,0,0,6533636,328235,22,1,1,1,0,0,323.1675602,615.682193,1,6,0,6,9,9,6,2,23
2011,2.01E+11,153.94,0.003248019,0.5,0.5,0,0.5,0,0,0.003248019,1,6707743,549662,22,0,0,0,0,0,324.7398031,296.108457,0,0,2,2,0,2,0,0,2
2003,2.00E+11,153.94,0.649603742,100,0,2,0,0,0,0.012992075,1,6879321,577349,23,0,0,0,0,0,325.8569102,766.11607,0,0,0,0,0,0,0,0,0
2008,2.01E+11,153.94,0.077952449,12,12,0,0,0,0,0,0,6787696,467719,21,0,0,0,1,3,326.0586577,4292.233534,0,0,0,0,0,0,5,3,8
2013,2.01E+11,153.94,0.02598415,4,4,0,0.5,0,0,0.003248019,1,6771735,533712,23,0,1,1,1,10,326.3767347,3114.919554,1,0,1,1,0,1,0,0,1
2005,2.01E+11,153.94,0.051968299,8,8,0,0,0,0,0,0,6898506,552116,22,0,0,0,1,1,326.5617837,1729.28103,0,0,0,0,9,9,0,0,9
2007,2.01E+11,153.94,0,0,0,0,0,0,0,0,0,6781976,425102,23,0,0,0,0,0,327.4125331,5185.771878,0,0,0,0,0,0,5,7,12
2014,2.01E+11,153.94,0.298817721,46,45,0,0,1,0,0.006496037,1,6665450,564766,21,0,0,0,0,0,329.0980763,1356.500492,0,0,0,0,0,0,0,1,1
2003,2.00E+11,153.94,0.038976225,6,3,0,0,0,0,0,0,6819489,508603,22,0,0,0,0,0,330.3507454,9045.653657,0,0,0,0,0,0,1,10,11
2009,2.01E+11,153.94,0.019488112,3,3,0,0,0,0,0,0,6828064,458223,23,0,0,0,0,0,331.1474176,1487.24699,0,0,0,0,0,0,6,0,6
2006,2.01E+11,153.94,0.032480187,5,3,0,0,2,0,0.012992075,1,6636311,365418,23,0,1,1,0,0,332.4159151,379.677051,1,0,0,0,0,0,0,1,1
2007,2.01E+11,153.94,0.012992075,2,2,0,0,0,0,0,0,6797835,454899,22,0,0,0,1,2,334.6229215,3979.007946,0,0,0,0,0,0,1,11,12
2008,2.01E+11,153.94,0.051968299,8,8,0,0,0,0,0,0,6788192,467710,22,0,0,0,1,3,334.6507624,4667.833316,0,0,0,0,0,0,7,3,10
2007,2.01E+11,153.94,0.272833572,42,42,0,2,0,0,0.012992075,1,6709244,485472,22,0,0,0,0,0,336.6606168,285.103423,0,0,0,0,0,0,1,2,3
2015,2.02E+11,153.94,0.006496037,1,1,2,0.1,0,0,0.013641679,1,6752024,576420,22,0,0,0,1,2,336.9120758,1618.014746,0,0,0,0,0,0,2,7,9
2015,2.02E+11,153.94,0.097440561,15,15,0,0,0,0,0,0,6672487,363332,23,0,0,0,1,11,336.9440298,3634.648721,0,0,0,0,1,1,2,2,5
2008,2.01E+11,153.94,0.012992075,2,2,0,0,0,0,0,0,6690402,563382,22,0,0,0,0,0,337.0837507,2159.45867,0,0,0,0,1,1,0,0,1
2015,2.02E+11,153.94,0.233857347,36,32,0.1,3,4,0,0.046121866,1,6662606,470464,21,1,0,0,1,16,337.6950376,491.813935,0,1,0,1,0,0,0,0,1
2016,2.02E+11,153.94,0.181889048,28,28,0,0,0,0,0,0,6629890,544959,22,0,0,0,1,10,339.3568923,437.707128,0,0,0,0,0,0,0,24,24
2011,2.01E+11,153.94,0.035728206,5.5,5,0.5,0,0.5,0,0.006496037,1,6774601,499857,22,0,0,0,1,8,340.1667138,6367.517669,0,0,1,1,0,1,0,1,2
2005,2.01E+11,153.94,0.032480187,5,5,0,2,0,0,0.012992075,1,6738714,565092,22,0,0,0,0,0,341.1181585,6600.894775,0,0,2,2,5,7,0,6,13
2013,2.01E+11,153.94,0.045472262,7,7,0,0,0,0,0,0,6801975,442031,22,0,0,0,1,1,342.0559682,5866.401334,0,0,0,0,0,0,4,1,5
2006,2.01E+11,153.94,0.051968299,8,8,0,2,0,2,0.02598415,1,6402181,373684,22,0,0,0,0,0,343.032729,717.669896,0,0,3,3,0,3,0,0,3
2003,2.00E+11,153.94,0,0,42,0,0,0,0,0,0,6869268,612464,22,0,0,0,0,0,343.5420992,548.051882,0,0,0,0,0,0,0,0,0
2013,2.01E+11,153.94,0.584643368,90,90,0,0,0,0,0,0,6756401,492482,22,0,0,0,1,5,343.7905725,2469.381932,0,0,1,1,0,1,0,1,2
2006,2.01E+11,153.94,0.019488112,3,3,0,2,0,0,0.012992075,1,6673609,555391,22,0,0,0,0,0,344.0399176,105.42339,0,0,0,0,0,0,0,0,0
2014,2.01E+11,153.94,0.013641679,2.1,2,0,0,0.1,0,0.000649604,1,6736330,450631,22,0,0,0,1,6,344.2676053,344.229586,0,0,0,0,0,0,0,1,1
2016,2.02E+11,153.94,0.253995063,39.1,39,0,0.1,0.1,0,0.001299207,1,6632050,420808,23,0,0,0,1,6,345.8556938,2121.015468,0,0,1,1,3,4,4,1,9
2004,2.00E+11,153.94,0.012992075,2,2,0,0,0,0,0,0,6876193,357574,21,0,0,0,0,0,345.9069003,5929.913182,0,0,0,0,1,1,0,3,4
2005,2.01E+11,153.94,0.17539301,27,27,0,0,0,0,0,0,6419763,339493,23,0,0,0,0,0,348.359495,2143.040486,0,0,0,0,3,3,0,0,3
2015,2.02E+11,153.94,0.001299207,0.2,0.1,0,0,0.1,0,0.000649604,1,6715920,476278,21,0,0,0,1,14,349.0951124,3612.257425,0,0,0,0,0,0,1,4,5
2007,2.01E+11,153.94,0.272833572,42,42,2,0,0,0,0.012992075,1,6723790,489291,22,0,0,0,0,0,349.4944871,1943.805537,0,0,0,0,0,0,1,1,2
2011,2.01E+11,153.94,0.474210731,73,73,0,0.5,0,0,0.003248019,1,6612381,354425,23,1,3,1,1,1,350.4583338,3717.355442,3,1,0,1,1,1,0,1,3
2006,2.01E+11,153.94,0.051968299,8,8,0,3,0,0,0.019488112,1,6694167,601123,23,0,1,1,0,0,351.2340376,3011.754623,1,0,0,0,0,0,0,0,0
2003,2.00E+11,153.94,0.350786021,54,8,0,0,0,0,0,0,6768206,524738,23,0,1,1,0,0,351.3634333,2256.859927,1,0,0,0,2,2,0,9,11
2011,2.01E+11,153.94,0.876965051,135,135,0,0.5,0,0,0.003248019,1,6727399,562933,22,0,0,0,1,5,353.6485041,4412.142768,0,0,0,0,0,0,0,0,0
2003,2.00E+11,153.94,0.051968299,8,2,0,0,0,0,0,0,6844368,539294,23,0,2,1,0,0,355.4724573,936.13175,2,0,0,0,0,0,0,1,1
2009,2.01E+11,153.94,0.285825646,44,42,0,2,2,0,0.02598415,1,6789750,512671,22,0,0,0,1,8,355.5403246,6119.481864,0,0,1,1,2,3,2,2,7
2013,2.01E+11,153.94,0.539171106,83,80,0,0.5,3,0,0.022736131,1,6629698,448465,22,0,0,0,1,13,357.5867783,1596.88598,0,0,0,0,10,10,0,1,11
2010,2.01E+11,153.94,0.136416786,21,19,0,2,2,0,0.02598415,1,6739678,464818,23,0,1,1,1,10,358.221236,7192.093508,1,0,0,0,3,3,3,0,6
2014,2.01E+11,153.94,0.130570352,20.1,20,0,0.1,0.1,0,0.001299207,1,6551770,318204,23,0,1,1,1,15,359.4649666,281.017643,1,0,0,0,0,0,2,2,4
2010,2.01E+11,153.94,0.55216318,85,85,0,0,0,0,0,0,6599746,527044,22,0,0,0,1,3,360.4101566,436.80273,0,0,0,0,0,0,0,0,0
2008,2.01E+11,153.94,0.012992075,2,2,0,0,0,0,0,0,6633419,358162,22,0,0,0,1,1,361.2263652,838.873712,0,0,0,0,10,10,0,7,17
2015,2.02E+11,153.94,0.155904898,24,21,0,0,3,0,0.019488112,1,6374651,413727,22,1,0,0,0,0,362.6168825,1043.596291,0,1,0,1,3,3,2,0,6
2015,2.02E+11,153.94,0.038976225,6,6,1,0,0,0,0.006496037,1,6716921,476277,21,0,0,0,1,14,362.7060865,2914.88449,0,0,0,0,1,1,2,0,3
2006,2.01E+11,153.94,0.123424711,19,19,0,0,0,0,0,0,6904642,523046,23,1,0,0,0,0,363.7345905,11269.16344,0,1,0,1,3,3,0,3,7
2004,2.00E+11,153.94,0.032480187,5,3,0,2,2,0,0.02598415,1,6823050,513566,22,0,0,0,0,0,364.6106871,2970.077199,0,0,1,1,7,8,3,4,15
2014,2.01E+11,153.94,0.006496037,1,1,0,0,0,0,0,0,6763853,573456,22,0,0,0,1,14,365.2235657,1532.731126,0,0,0,0,1,1,2,4,7
2007,2.01E+11,153.94,0.272833572,42,42,0,0,0,0,0,0,6642096,540727,23,0,2,1,0,0,365.6892717,673.084917,2,0,0,0,4,4,1,4,9
2010,2.01E+11,153.94,0.012992075,2,2,0,0,0,0,0,0,6802089,418570,22,0,0,0,1,2,366.9113397,231.496089,0,0,0,0,0,0,1,3,4
2012,2.01E+11,153.94,0.035728206,5.5,5,0,0,0.5,0,0.003248019,1,6513663,484905,23,0,0,0,0,0,370.6383826,3150.847422,0,0,1,1,8,9,0,0,9
2011,2.01E+11,153.94,0.792516565,122,122,0,0,0,0,0,0,6635137,375637,23,0,0,0,1,4,370.6585499,286.39365,0,0,0,0,0,0,0,0,0
2012,2.01E+11,153.94,0.792516565,122,122,0,0,0,0,0,0,6735459,487857,22,0,1,1,1,5,370.9314635,409.016798,1,0,0,0,1,1,0,0,1
2005,2.01E+11,153.94,0.019488112,3,3,0,0,0,0,0,0,6812650,439725,23,0,0,0,0,0,371.4651868,10172.65849,0,0,0,0,1,1,0,1,2
2010,2.01E+11,153.94,0.045472262,7,5,0,0,2,0,0.012992075,1,6828297,477702,21,0,0,0,0,0,371.6685024,11590.0535,0,0,0,0,0,0,3,4,7
2014,2.01E+11,153.94,0.57814733,89,88,3,0,1,0,0.02598415,1,6602011,386307,23,0,1,1,0,0,372.4724848,478.784683,1,0,2,2,8,10,4,6,20
2005,2.01E+11,153.94,0.012992075,2,2,0,2,0,0,0.012992075,1,6572446,456153,23,0,0,0,0,0,375.9153641,2586.465415,0,0,0,0,2,2,0,8,10
2008,2.01E+11,153.94,0.077952449,12,12,0,2,0,0,0.012992075,1,6801875,442049,22,0,0,0,0,0,376.7992574,5852.037667,0,0,0,0,6,6,0,3,9
2015,2.02E+11,153.94,0.051968299,8,8,0,0,0,0,0,0,6787381,518219,21,0,0,0,1,12,378.2969539,1983.137875,0,0,1,1,3,4,2,1,7
2003,2.00E+11,153.94,0,0,12,0,2,0,0,0.012992075,1,6865222,568018,22,0,1,1,0,0,378.6362361,3493.378955,1,0,1,1,4,5,0,2,7
2012,2.01E+11,153.94,0.103936599,16,16,0,0,0,0,0,0,6662050,493240,22,0,0,0,0,0,378.9268689,3281.226202,0,0,0,0,0,0,0,0,0
2009,2.01E+11,153.94,0.55216318,85,85,3,2,0,0,0.032480187,1,6785548,536224,22,0,2,1,1,6,379.7334021,10603.97153,2,0,0,0,0,0,0,0,0
2012,2.01E+11,153.94,0.12667273,19.5,19,0,0,0.5,0,0.003248019,1,6459343,356018,22,1,1,1,0,0,381.1970271,2897.413211,1,8,3,11,2,5,0,0,13
2008,2.01E+11,153.94,0.272833572,42,42,0,2,0,0,0.012992075,1,6844083,621473,22,0,0,0,0,0,382.203161,1675.613433,0,0,0,0,0,0,0,0,0
2009,2.01E+11,153.94,0.123424711,19,19,0,0,0,0,0,0,6712949,567607,22,0,0,0,1,3,385.0891262,475.166702,0,0,0,0,0,0,1,1,2
2014,2.01E+11,153.94,0.001299207,0.2,0.1,0.1,0,0.1,0,0.001299207,1,6812514,456574,23,0,1,1,0,0,386.2890489,1413.695035,1,0,0,0,0,0,6,4,10
2014,2.01E+11,153.94,0.013641679,2.1,2,0,0.1,0.1,0,0.001299207,1,6812014,456574,22,0,0,0,0,0,386.3969438,1777.697723,0,0,0,0,4,4,1,2,7
2003,2.00E+11,153.94,0.17539301,27,42,0,0,0,0,0,0,6750389,579432,21,0,0,0,0,0,387.3495453,2575.000862,0,0,1,1,3,4,0,0,4
2013,2.01E+11,153.94,0.032480187,5,5,0,0,0,0,0,0,6719711,464449,22,0,0,0,1,13,389.3724638,4455.214377,0,0,0,0,0,0,1,0,1
2014,2.01E+11,153.94,0.077952449,12,12,0,0,0,0,0,0,6397022,343705,23,0,0,0,0,0,389.8279788,402.802786,0,0,0,0,2,2,0,1,3
2004,2.00E+11,153.94,0.019488112,3,3,0,0,0,0,0,0,6602226,315859,22,1,0,0,0,0,389.9055869,2818.47175,0,1,1,2,1,2,1,0,4
2015,2.02E+11,153.94,0.143562427,22.1,22,0,0,0.1,0,0.000649604,1,6677435,472599,23,0,1,1,1,18,391.9628788,1136.499834,1,0,0,0,5,5,2,2,9
2007,2.01E+11,153.94,0.019488112,3,3,0,0,0,0,0,0,6525330,295457,22,0,0,0,0,0,394.9010231,2987.390763,0,0,0,0,1,1,1,1,3
2004,2.00E+11,153.94,0.012992075,2,2,2,0,0,0,0.012992075,1,6543299,295537,22,0,1,1,0,0,395.1283401,966.568144,1,0,0,0,5,5,0,19,24
2016,2.02E+11,153.94,0,0,0,0,0,0,0,0,0,6824603,599540,22,0,0,0,0,0,396.0368799,1192.16788,0,0,0,0,0,0,2,1,3
2009,2.01E+11,153.94,0.285825646,44,42,0,2,2,0,0.02598415,1,6658281,429322,21,0,0,0,0,0,396.2940484,1052.007018,0,0,1,1,3,4,2,6,12
2016,2.02E+11,153.94,0.064960374,10,9,0,0,1,0,0.006496037,1,6422331,321814,22,0,0,0,0,0,398.5777982,531.266705,0,0,0,0,0,0,0,0,0
2011,2.01E+11,153.94,0.012992075,2,2,0,0.5,0,0,0.003248019,1,6697875,398351,22,1,1,1,1,10,401.6913179,4580.548588,1,15,18,33,3,21,0,4,40
2004,2.00E+11,153.94,0.038976225,6,6,0,0,0,0,0,0,6717942,379413,22,1,0,0,1,5,403.0099261,3013.600026,0,8,8,16,2,10,1,1,20
2004,2.00E+11,153.94,0.051968299,8,8,0,2,0,0,0.012992075,1,6537318,308100,21,0,0,0,1,7,403.6976157,400.702128,0,0,0,0,0,0,0,0,0
2006,2.01E+11,153.94,0.123424711,19,19,0,0,0,0,0,0,6652299,590587,22,0,0,0,0,0,403.8237765,989.244232,0,0,0,0,0,0,0,5,5
2003,2.00E+11,153.94,0.038976225,6,3,0,0,2,0,0.012992075,1,6712003,384480,21,1,0,0,1,4,404.4210045,3434.539267,0,7,0,7,0,0,1,0,8
2005,2.01E+11,153.94,0.019488112,3,3,0,0,0,0,0,0,6867829,368161,22,0,2,1,0,0,405.8055727,4405.223004,2,0,0,0,4,4,0,0,4
2005,2.01E+11,153.94,0.019488112,3,3,0,0,0,0,0,0,6788694,483500,22,0,0,0,0,0,407.0986262,124.957952,0,0,0,0,0,0,0,0,0
2008,2.01E+11,153.94,0.019488112,3,3,0,0,0,0,0,0,6787720,469216,21,0,0,0,1,3,407.237541,5402.871258,0,0,0,0,0,0,3,0,3
2014,2.01E+11,153.94,0.045472262,7,7,0,0.1,0,0,0.000649604,1,6642527,440327,21,0,0,0,1,13,407.388877,2777.36601,0,0,0,0,0,0,0,3,3
2006,2.01E+11,153.94,0.02598415,4,2,0,2,2,0,0.02598415,1,6783769,449072,22,0,2,1,1,1,409.2311072,877.2353,2,0,1,1,4,5,0,1,6
2008,2.01E+11,153.94,0.17539301,27,27,0,0,0,0,0,0,6394153,387975,22,0,2,1,0,0,410.2437185,1995.754781,2,0,0,0,0,0,0,0,0
2013,2.01E+11,153.94,0.012992075,2,2,0,0.5,0,0,0.003248019,1,6667216,544297,22,0,1,1,1,3,411.4892365,1401.488245,1,0,0,0,3,3,0,4,7
2006,2.01E+11,153.94,0.012992075,2,2,0,2,0,0,0.012992075,1,6738286,530099,22,0,0,0,1,1,414.459335,715.312481,0,0,0,0,3,3,0,0,3
2007,2.01E+11,153.94,0.077952449,12,12,0,2,0,0,0.012992075,1,6613805,446149,21,0,1,1,0,0,416.3856062,1436.489312,1,0,0,0,0,0,0,0,0
2003,2.00E+11,153.94,0.077952449,12,2,0,2,0,0,0.012992075,1,6728436,460750,22,0,0,0,1,6,417.6755342,8535.492282,0,0,3,3,3,6,1,1,8
2010,2.01E+11,153.94,0.012992075,2,2,0,0,0,0,0,0,6723968,407017,21,0,1,1,1,2,420.8848868,13449.83111,1,0,0,0,6,6,0,0,6
2013,2.01E+11,153.94,0.142912823,22,22,0,0.5,0,0,0.003248019,1,6738681,424973,22,1,0,0,0,0,421.6797608,5586.732091,0,4,6,10,16,22,0,4,30
2015,2.02E+11,153.94,0.129920748,20,12,0,0.1,8,0,0.052617903,1,6692553,462988,21,0,0,0,1,9,422.4431161,5896.249488,0,0,0,0,2,2,0,2,4
2006,2.01E+11,153.94,0.019488112,3,3,0,0,0,0,0,0,6651934,495021,23,0,0,0,1,4,424.320319,1193.896828,0,0,0,0,0,0,0,0,0
2010,2.01E+11,153.94,0.051968299,8,8,0,0,0,0,0,0,6830911,414509,22,0,2,1,0,0,424.9047664,5379.915791,2,0,3,3,0,3,0,0,3
2012,2.01E+11,153.94,0.003248019,0.5,0.5,0,0,0,0,0,0,6520408,314898,22,0,1,1,1,8,425.6842021,824.216476,1,0,0,0,6,6,5,3,14
2014,2.01E+11,153.94,0.429388073,66.1,66,0,0.1,0.1,0,0.001299207,1,6396422,343405,21,0,0,0,0,0,429.5518856,447.761797,0,0,0,0,0,0,0,0,0
2013,2.01E+11,153.94,0.272833572,42,40,0,0,2,0,0.012992075,1,6679779,565402,22,0,0,0,0,0,429.6451095,703.19641,0,0,0,0,1,1,1,0,2
2010,2.01E+11,153.94,0.045472262,7,5,3,0,2,0,0.032480187,1,6901097,544273,23,0,0,0,1,4,429.6720634,7134.307812,0,0,0,0,4,4,2,4,10
2009,2.01E+11,153.94,0.02598415,4,2,0,0,2,0,0.012992075,1,6875490,534104,22,0,0,0,0,0,433.1724827,8895.378691,0,0,0,0,1,1,3,2,6
2015,2.02E+11,153.94,0.89060673,137.1,137,0,0.1,0.1,0,0.001299207,1,6742602,483117,23,0,0,0,1,4,433.9817086,1115.431683,0,0,1,1,0,1,2,0,3
2015,2.02E+11,153.94,0.142912823,22,22,0,0.1,0,0.1,0.001299207,1,6495433,287465,22,0,0,0,0,0,435.094692,1322.769356,0,0,0,0,2,2,1,0,3
2007,2.01E+11,153.94,0.02598415,4,2,0,3,2,0,0.032480187,1,6719834,574316,22,0,0,0,1,1,435.3001133,4862.982508,0,0,0,0,0,0,0,0,0
2012,2.01E+11,153.94,0.006496037,1,0.5,0,0.5,0.5,0,0.006496037,1,6694482,447877,22,0,0,0,1,6,435.7049172,3752.727679,0,0,0,0,0,0,0,0,0
2007,2.01E+11,153.94,0.17539301,27,27,0,3,0,0,0.019488112,1,6504294,316694,21,0,0,0,0,0,438.0208834,661.656472,0,0,0,0,0,0,0,0,0
2003,2.00E+11,153.94,0.038976225,6,5,0,0,12,0,0.077952449,1,6843111,518818,23,0,0,0,0,0,438.2320505,1773.150971,0,0,0,0,0,0,1,7,8
2004,2.00E+11,153.94,0.077952449,12,12,0,0,0,0,0,0,6678956,460854,23,0,1,1,1,8,439.90467,3960.609917,1,0,0,0,0,0,0,0,0
2016,2.02E+11,153.94,0.441730544,68,68,0,1,0,0,0.006496037,1,6722503,437791,23,0,0,0,0,0,441.0202598,4122.089767,0,0,0,0,0,0,1,0,1
2013,2.01E+11,153.94,0,0,0,0,0,0,0,0,0,6789646,451076,23,0,0,0,1,6,450.9748248,1410.437646,0,0,0,0,0,0,2,9,11
2004,2.00E+11,153.94,0.012992075,2,2,0,2,0,0,0.012992075,1,6613312,405678,22,0,3,1,0,0,452.0457433,559.414943,3,0,0,0,0,0,0,0,0
2016,2.02E+11,153.94,0.038976225,6,6,0.1,1,0,0,0.007145641,1,6822546,505737,23,1,1,1,1,8,453.0276562,7400.966331,1,1,0,1,0,0,2,5,8
2005,2.01E+11,153.94,0.272833572,42,42,0,0,0,0,0,0,6802533,389862,22,0,1,1,0,0,454.6846129,3716.851347,1,0,0,0,0,0,0,0,0
2004,2.00E+11,153.94,0.051968299,8,6,0,2,2,0,0.02598415,1,6733764,569149,21,0,0,0,0,0,454.7995033,2624.886414,0,0,0,0,0,0,0,3,3
2012,2.01E+11,153.94,0.003248019,0.5,0.5,0,0.5,0,0,0.003248019,1,6694478,447379,22,0,0,0,1,6,456.4136242,4242.601822,0,0,0,0,0,0,0,0,0
2008,2.01E+11,153.94,0.090944524,14,12,0,2,2,0,0.02598415,1,6748937,526672,22,0,3,1,1,3,457.3144353,5264.926731,3,0,3,3,0,3,0,0,3
2014,2.01E+11,153.94,0.006496037,1,1,0,0,0,0,0,0,6811514,457574,21,0,0,0,0,0,458.165041,2826.485078,0,0,0,0,0,0,7,1,8
2003,2.00E+11,153.94,0,0,12,0,0,0,0,0,0,6876641,393049,21,0,0,0,0,0,463.327765,947.128557,0,0,0,0,0,0,1,0,1
2015,2.02E+11,153.94,0.350786021,54,52,0.1,2,2,0,0.026633753,1,6837932,591435,23,0,3,1,0,0,463.4296026,6109.267609,3,0,4,4,1,5,0,1,6
2010,2.01E+11,153.94,0.285825646,44,42,0,2,2,0,0.02598415,1,6562133,373013,22,0,0,0,0,0,464.1440621,1065.866038,0,0,0,0,0,0,0,0,0
2003,2.00E+11,153.94,0.051968299,8,12,0,2,2,0,0.02598415,1,6718570,430379,22,0,1,1,0,0,465.7494196,3590.358759,1,0,0,0,2,2,0,1,3
2004,2.00E+11,153.94,0.565155255,87,85,0,2,2,0,0.02598415,1,6709001,505972,22,0,0,0,0,0,467.3311134,1737.862095,0,0,0,0,0,0,0,0,0
2006,2.01E+11,153.94,0.090944524,14,12,0,0,2,0,0.012992075,1,6652701,590583,22,0,0,0,0,0,471.9235028,1002.425522,0,0,0,0,1,1,0,2,3
2004,2.00E+11,153.94,0.012992075,2,2,0,0,0,0,0,0,6576926,331158,22,1,0,0,0,0,474.5185391,1009.840173,0,2,0,2,5,5,8,5,20
2003,2.00E+11,153.94,0.012992075,2,12,0,0,0,0,0,0,6620927,575375,22,0,0,0,0,0,477.011459,3064.103865,0,0,0,0,2,2,0,0,2
2005,2.01E+11,153.94,0,0,0,0,0,0,0,0,0,6872250,362618,23,0,0,0,0,0,478.7575814,5448.307994,0,0,0,0,3,3,0,0,3
2009,2.01E+11,153.94,0.038976225,6,6,0,0,0,0,0,0,6857224,511840,23,0,0,0,1,3,479.1114888,1041.595147,0,0,0,0,0,0,2,0,2
2016,2.02E+11,153.94,0.266337534,41,41,0,0.1,0,0,0.000649604,1,6732540,463960,22,0,0,0,1,15,479.5218714,11151.31433,0,0,2,2,3,5,0,0,5
2015,2.02E+11,153.94,0,0,0,0,0,0,0,0,0,6799739,560492,22,0,0,0,1,1,481.5857621,1331.209952,0,0,0,0,0,0,4,4,8
2003,2.00E+11,153.94,0,0,12,0,0,2,0,0.012992075,1,6399110,418100,23,0,0,0,0,0,485.8668208,229.020027,0,0,0,0,0,0,0,0,0
2007,2.01E+11,153.94,0,0,0,0,0,0,0,0,0,6754163,520409,22,0,0,0,1,2,486.4003507,5503.324371,0,0,0,0,0,0,0,3,3
2005,2.01E+11,153.94,0.038976225,6,6,0,0,0,0,0,0,6777594,474641,23,0,0,0,0,0,486.5386978,517.531553,0,0,0,0,0,0,0,0,0
2005,2.01E+11,153.94,0.136416786,21,19,8,2,2,0,0.077952449,1,6828005,509504,22,0,0,0,0,0,488.3455445,4542.375976,0,0,0,0,1,1,1,0,2
2015,2.02E+11,153.94,0.058464337,9,9,0,0,0,0,0,0,6796418,481018,23,0,0,0,0,0,489.4915557,3292.556092,0,0,0,0,0,0,2,3,5
2003,2.00E+11,153.94,0.077952449,12,2,2,0,2,0,0.02598415,1,6798587,434394,22,1,0,0,0,0,491.9393341,2241.041593,0,1,0,1,2,2,1,1,5
2009,2.01E+11,153.94,0.019488112,3,3,0,0,0,0,0,0,6829082,459707,23,0,0,0,0,0,493.2070134,2860.712889,0,0,0,0,0,0,0,0,0
2012,2.01E+11,153.94,0.064960374,10,10,0,0.5,0,0,0.003248019,1,6780153,584762,23,0,2,1,1,8,503.4493125,5274.100347,2,0,2,2,2,4,1,0,5
2015,2.02E+11,153.94,0.052617903,8.1,8,0.1,0.1,0.1,0.1,0.002598415,1,6601221,596257,21,0,0,0,0,0,505.840359,1142.448187,0,0,0,0,0,0,0,0,0
2005,2.01E+11,153.94,0.090944524,14,12,0,0,2,0,0.012992075,1,6609562,495536,22,0,0,0,0,0,511.7921727,512.775612,0,0,5,5,0,5,0,0,5
2013,2.01E+11,153.94,0.295569702,45.5,45,0,0.5,0.5,0,0.006496037,1,6679779,566402,21,0,0,0,0,0,515.762283,77.131751,0,0,0,0,0,0,0,0,0
2011,2.01E+11,153.94,0.003248019,0.5,0.5,0,0,0,0,0,0,6779712,428838,23,0,0,0,0,0,519.8819757,7450.497879,0,0,0,0,0,0,0,0,0
2015,2.02E+11,153.94,0.006496037,1,1,0,0,0,0,0,0,6863642,394420,23,0,4,1,0,0,520.1949883,316.880323,4,0,0,0,1,1,6,0,7
2010,2.01E+11,153.94,0.012992075,2,2,0,0,0,0,0,0,6810247,390973,22,0,0,0,1,3,521.9667924,6416.236315,0,0,0,0,0,0,1,0,1
2004,2.00E+11,153.94,0,0,0,0,0,0,0,0,0,6701391,374618,23,0,0,0,1,5,527.1334842,1246.025917,0,0,0,0,0,0,0,1,1
2008,2.01E+11,153.94,0.071456412,11,5,0,2,6,0,0.051968299,1,6794979,571584,22,0,0,0,0,0,528.3456813,1241.895098,0,0,1,1,1,2,8,10,20
2003,2.00E+11,153.94,0.032480187,5,2,0,0,0,0,0,0,6664355,574994,22,1,0,0,0,0,528.604973,643.77956,0,1,1,2,1,2,1,8,12
2003,2.00E+11,153.94,0.649603742,100,8,0,0,0,0,0,0,6514789,316571,22,0,0,0,0,0,529.5407431,1583.891156,0,0,0,0,2,2,0,4,6
2016,2.02E+11,153.94,0.084448486,13,12,0,0,1,0,0.006496037,1,6884858,553675,22,1,0,0,0,0,531.0258116,6059.10519,0,1,0,1,2,2,12,3,18
2007,2.01E+11,153.94,0.012992075,2,2,0,0,0,0,0,0,6549875,321940,23,0,2,1,1,7,532.8256657,3500.749758,2,0,0,0,2,2,0,0,2
2013,2.01E+11,153.94,0.019488112,3,3,0,0,0,0,0,0,6706590,541195,23,0,3,1,0,0,537.2138457,500.732334,3,0,0,0,2,2,0,8,10
2004,2.00E+11,153.94,0,0,0,0,0,0,0,0,0,6809120,478247,22,0,0,0,0,0,539.6573509,1326.20541,0,0,0,0,0,0,4,3,7
2007,2.01E+11,153.94,0.136416786,21,19,0,3,2,0,0.032480187,1,6855277,573142,23,0,0,0,0,0,554.0772163,2025.316935,0,0,0,0,12,12,1,3,16
2003,2.00E+11,153.94,0.448226582,69,3,0,0,0,0,0,0,6629984,498881,22,0,4,1,1,1,554.1660579,1523.375566,4,0,0,0,4,4,1,4,9
2016,2.02E+11,153.94,0.000649604,0.1,0.1,0,0,0,0,0,0,6870845,376432,23,0,0,0,0,0,557.1120793,631.039801,0,0,0,0,0,0,0,0,0
2013,2.01E+11,153.94,0.120176692,18.5,18,0.5,0,0.5,0,0.006496037,1,6780757,610524,22,0,2,1,0,0,567.7067338,1089.536087,2,0,7,7,5,12,0,1,13
2013,2.01E+11,153.94,0.077952449,12,12,0.5,0,0,0,0.003248019,1,6822576,492908,23,0,0,0,0,0,583.8310125,877.185118,0,0,0,0,4,4,0,1,5
2013,2.01E+11,153.94,0.077952449,12,9,0,0.5,3,0,0.022736131,1,6646329,360353,22,0,0,0,1,5,592.9382609,1093.814914,0,0,0,0,0,0,0,0,0
2012,2.01E+11,153.94,0,0,0,0.5,0.5,0,0,0.006496037,1,6765941,485972,22,0,1,1,1,5,603.0518636,4647.704217,1,0,0,0,3,3,0,0,3
2013,2.01E+11,153.94,0.029232168,4.5,4,0,0,0.5,0,0.003248019,1,6667616,544697,22,0,0,0,1,3,608.0361262,1828.730817,0,0,0,0,0,0,0,1,1
2006,2.01E+11,153.94,0.012992075,2,2,0,2,0,0,0.012992075,1,6783263,448578,22,1,0,0,1,1,613.1138372,1018.267878,0,1,3,4,0,3,0,0,4
2008,2.01E+11,153.94,0.077952449,12,12,0,2,0,0,0.012992075,1,6652803,389899,21,0,0,0,1,2,613.1676083,3519.400951,0,0,0,0,0,0,7,2,9
2008,2.01E+11,153.94,0,0,0,0,0,0,0,0,0,6861944,377136,22,0,0,0,0,0,617.4774136,616.335023,0,0,1,1,0,1,3,1,5
2008,2.01E+11,153.94,0.051968299,8,8,0,0,0,0,0,0,6523202,314468,23,0,0,0,1,7,619.291757,1229.351319,0,0,0,0,4,4,3,1,8
2008,2.01E+11,153.94,0.012992075,2,2,0,2,0,0,0.012992075,1,6844585,621468,22,0,2,1,0,0,621.4553031,1318.558325,2,0,0,0,0,0,0,0,0
2011,2.01E+11,153.94,0.012992075,2,2,0,0,0,0,0,0,6674387,398128,22,0,0,0,1,6,632.1118491,1515.552739,0,0,0,0,0,0,0,0,0
2014,2.01E+11,153.94,0.228010913,35.1,35,0,0.1,0.1,0,0.001299207,1,6845371,551948,23,0,0,0,0,0,632.2222706,3002.361026,0,0,0,0,0,0,0,5,5
2003,2.00E+11,153.94,0.350786021,54,3,0,0,2,0,0.012992075,1,6768718,525230,22,0,2,1,0,0,635.5898807,2725.32355,2,0,0,0,13,13,0,5,18
2011,2.01E+11,153.94,0.532675068,82,82,0,0.5,0,0,0.003248019,1,6708743,549661,22,1,0,0,0,0,652.5466613,715.662479,0,2,3,5,25,28,0,14,44
2003,2.00E+11,153.94,0,0,6,0,3,0,0,0.019488112,1,6876633,392549,21,0,0,0,0,0,658.9882266,1447.137658,0,0,0,0,0,0,0,0,0
2008,2.01E+11,153.94,0.019488112,3,3,0,2,0,0,0.012992075,1,6821459,611249,21,0,1,1,0,0,664.5339868,2576.213506,1,0,0,0,6,6,2,4,12
2007,2.01E+11,153.94,0.090944524,14,12,0,2,2,0,0.02598415,1,6763470,505302,22,0,0,0,1,3,666.9230805,4303.180945,0,0,0,0,0,0,3,1,4
2003,2.00E+11,153.94,0.077952449,12,0,0,0,0,0,0,0,6798457,504870,21,0,0,0,1,3,694.8756835,13846.63444,0,0,0,0,6,6,0,1,7
2011,2.01E+11,153.94,0,0,0,0,0,0,0,0,0,6824917,413072,23,0,0,0,1,1,704.0177824,1407.612418,0,0,0,0,0,0,0,0,0
2007,2.01E+11,153.94,0,0,0,0,0,0,0,0,0,6783467,425081,23,0,0,0,0,0,705.57071,3771.494118,0,0,1,1,0,1,1,5,7
2006,2.01E+11,153.94,0,0,0,0,0,0,0,0,0,6413639,333070,23,0,0,0,0,0,720.0885957,1697.409528,0,0,0,0,0,0,10,1,11
2006,2.01E+11,153.94,0.032480187,5,3,0,2,2,0,0.02598415,1,6797700,484386,22,0,0,0,0,0,722.8634681,620.170163,0,0,0,0,11,11,5,4,20
2005,2.01E+11,153.94,0.02598415,4,2,0,2,2,0,0.02598415,1,6839303,493863,21,0,0,0,0,0,741.8244309,5288.772168,0,0,0,0,0,0,0,5,5
2008,2.01E+11,153.94,0.02598415,4,2,0,0,2,0,0.012992075,1,6653301,389899,22,0,0,0,1,2,742.2377739,3357.77329,0,0,0,0,0,0,3,0,3
2015,2.02E+11,153.94,0.012992075,2,2,7,1,0,0,0.051968299,1,6811274,591364,23,1,1,1,0,0,760.9375963,2004.826289,1,1,0,1,4,4,2,2,9
2010,2.01E+11,153.94,0.012992075,2,2,0,0,0,0,0,0,6829414,414015,23,0,6,1,0,0,772.5344907,4325.201907,6,0,1,1,0,1,3,2,6
2014,2.01E+11,153.94,0.032480187,5,5,0,0,0,0,0,0,6770730,493725,23,0,2,1,1,9,774.8531869,10624.64632,2,0,5,5,2,7,0,0,7
2006,2.01E+11,153.94,0.123424711,19,19,0,0,0,0,0,0,6797688,483387,22,0,0,0,0,0,818.3928904,1613.881193,0,0,0,0,4,4,0,3,7
2003,2.00E+11,153.94,0.051968299,8,2,0,0,0,0,0,0,6747376,415536,22,0,0,0,0,0,823.4065642,1365.914057,0,0,0,0,7,7,0,4,11
2016,2.02E+11,153.94,0.188385085,29,27,0,1,2,0,0.019488112,1,6739632,371657,21,0,0,0,1,27,825.6249174,4025.263796,0,0,0,0,0,0,0,0,0
2015,2.02E+11,153.94,0.012992075,2,2,0,5,0,0,0.032480187,1,6862231,609309,21,0,0,0,0,0,880.8767728,1582.657503,0,0,0,0,0,0,1,1,2
2004,2.00E+11,153.94,0,0,0,0,0,0,0,0,0,6762987,384857,21,1,0,0,0,0,918.8315131,108.123459,0,1,0,1,0,0,4,9,14
2005,2.01E+11,153.94,0.350786021,54,54,0,0,0,0,0,0,6434565,407282,22,0,0,0,0,0,936.9770303,1934.794164,0,0,0,0,0,0,0,0,0
2012,2.01E+11,153.94,0.123424711,19,19,0,0,0,0,0,0,6728470,405963,23,0,0,0,1,4,951.2599111,14219.3298,0,0,0,0,0,0,0,0,0
2012,2.01E+11,153.94,0.02598415,4,4,0,0,0,0,0,0,6779489,409351,22,1,0,0,1,2,953.7054385,1916.739556,0,1,0,1,7,7,0,1,9
2003,2.00E+11,153.94,0.032480187,5,2,0,0,0,0,0,0,6813578,474695,22,0,0,0,0,0,1004.444967,1221.856108,0,0,0,0,2,2,0,0,2
2010,2.01E+11,153.94,0.019488112,3,3,0,0,0,0,0,0,6830913,413011,22,0,0,0,0,0,1022.394028,4052.077042,0,0,0,0,0,0,5,2,7
2004,2.00E+11,153.94,0.012992075,2,2,0,0,0,0,0,0,6818350,408262,22,0,2,1,0,0,1048.380416,5723.163793,2,0,0,0,0,0,0,3,3
2016,2.02E+11,153.94,0.110432636,17,17,0,0,0,0,0,0,6739632,371157,23,1,0,0,1,27,1104.928651,4089.95769,0,6,0,6,2,2,0,1,9
2014,2.01E+11,153.94,0.097440561,15,15,0,0,0,0,0,0,6831984,426263,22,0,0,0,0,0,1112.607383,13328.94101,0,0,0,0,2,2,1,0,3
2006,2.01E+11,153.94,0.350786021,54,54,0,0,0,0,0,0,6707316,409529,22,0,3,1,1,3,1191.779332,1460.962828,3,0,2,2,4,6,0,0,6
2006,2.01E+11,153.94,0.350786021,54,54,0,0,0,0,0,0,6695142,599612,21,0,0,0,0,0,1232.454369,1997.577507,0,0,0,0,2,2,1,1,4
2012,2.01E+11,153.94,0.045472262,7,7,0,0,0,0,0,0,6773662,422900,22,0,1,1,1,2,1615.684554,99.867874,1,0,0,0,8,8,0,7,15